period,duoarea,area-name,product,product-name,process,process-name,series,series-description,value,units
1981-01,R30-Z00,PADD 3,EPJK,Kerosene-Type Jet Fuel,IM0,Imports,MKJIMP31,Gulf Coast (PADD 3) Imports of Kerosene-Type Jet Fuel (Thousand Barrels),237,MBBL
1981-01,R30-Z00,PADD 3,EPJK,Kerosene-Type Jet Fuel,IM0,Imports,MKJIMP32,Gulf Coast (PADD 3) Imports of Kerosene-Type Jet Fuel (Thousand Barrels per Day),8,MBBL/D
1981-02,R30-Z00,PADD 3,EPJK,Kerosene-Type Jet Fuel,IM0,Imports,MKJIMP31,Gulf Coast (PADD 3) Imports of Kerosene-Type Jet Fuel (Thousand Barrels),159,MBBL
1981-02,R30-Z00,PADD 3,EPJK,Kerosene-Type Jet Fuel,IM0,Imports,MKJIMP32,Gulf Coast (PADD 3) Imports of Kerosene-Type Jet Fuel (Thousand Barrels per Day),6,MBBL/D
1981-04,R30-Z00,PADD 3,EPJK,Kerosene-Type Jet Fuel,IM0,Imports,MKJIMP31,Gulf Coast (PADD 3) Imports of Kerosene-Type Jet Fuel (Thousand Barrels),50,MBBL
1981-04,R30-Z00,PADD 3,EPJK,Kerosene-Type Jet Fuel,IM0,Imports,MKJIMP32,Gulf Coast (PADD 3) Imports of Kerosene-Type Jet Fuel (Thousand Barrels per Day),2,MBBL/D
1981-08,R30-Z00,PADD 3,EPJK,Kerosene-Type Jet Fuel,IM0,Imports,MKJIMP31,Gulf Coast (PADD 3) Imports of Kerosene-Type Jet Fuel (Thousand Barrels),218,MBBL
1981-08,R30-Z00,PADD 3,EPJK,Kerosene-Type Jet Fuel,IM0,Imports,MKJIMP32,Gulf Coast (PADD 3) Imports of Kerosene-Type Jet Fuel (Thousand Barrels per Day),7,MBBL/D
1983-04,R30-Z00,PADD 3,EPJK,Kerosene-Type Jet Fuel,IM0,Imports,MKJIMP31,Gulf Coast (PADD 3) Imports of Kerosene-Type Jet Fuel (Thousand Barrels),30,MBBL
1983-04,R30-Z00,PADD 3,EPJK,Kerosene-Type Jet Fuel,IM0,Imports,MKJIMP32,Gulf Coast (PADD 3) Imports of Kerosene-Type Jet Fuel (Thousand Barrels per Day),1,MBBL/D
1983-05,R30-Z00,PADD 3,EPJK,Kerosene-Type Jet Fuel,IM0,Imports,MKJIMP31,Gulf Coast (PADD 3) Imports of Kerosene-Type Jet Fuel (Thousand Barrels),28,MBBL
1983-05,R30-Z00,PADD 3,EPJK,Kerosene-Type Jet Fuel,IM0,Imports,MKJIMP32,Gulf Coast (PADD 3) Imports of Kerosene-Type Jet Fuel (Thousand Barrels per Day),1,MBBL/D
1983-06,R30-Z00,PADD 3,EPJK,Kerosene-Type Jet Fuel,IM0,Imports,MKJIMP31,Gulf Coast (PADD 3) Imports of Kerosene-Type Jet Fuel (Thousand Barrels),28,MBBL
1983-06,R30-Z00,PADD 3,EPJK,Kerosene-Type Jet Fuel,IM0,Imports,MKJIMP32,Gulf Coast (PADD 3) Imports of Kerosene-Type Jet Fuel (Thousand Barrels per Day),1,MBBL/D
1983-07,R30-Z00,PADD 3,EPJK,Kerosene-Type Jet Fuel,IM0,Imports,MKJIMP31,Gulf Coast (PADD 3) Imports of Kerosene-Type Jet Fuel (Thousand Barrels),116,MBBL
1983-07,R30-Z00,PADD 3,EPJK,Kerosene-Type Jet Fuel,IM0,Imports,MKJIMP32,Gulf Coast (PADD 3) Imports of Kerosene-Type Jet Fuel (Thousand Barrels per Day),4,MBBL/D
1983-08,R30-Z00,PADD 3,EPJK,Kerosene-Type Jet Fuel,IM0,Imports,MKJIMP31,Gulf Coast (PADD 3) Imports of Kerosene-Type Jet Fuel (Thousand Barrels),116,MBBL
1983-08,R30-Z00,PADD 3,EPJK,Kerosene-Type Jet Fuel,IM0,Imports,MKJIMP32,Gulf Coast (PADD 3) Imports of Kerosene-Type Jet Fuel (Thousand Barrels per Day),4,MBBL/D
1983-09,R30-Z00,PADD 3,EPJK,Kerosene-Type Jet Fuel,IM0,Imports,MKJIMP31,Gulf Coast (PADD 3) Imports of Kerosene-Type Jet Fuel (Thousand Barrels),176,MBBL
1983-09,R30-Z00,PADD 3,EPJK,Kerosene-Type Jet Fuel,IM0,Imports,MKJIMP32,Gulf Coast (PADD 3) Imports of Kerosene-Type Jet Fuel (Thousand Barrels per Day),6,MBBL/D
1983-10,R30-Z00,PADD 3,EPJK,Kerosene-Type Jet Fuel,IM0,Imports,MKJIMP31,Gulf Coast (PADD 3) Imports of Kerosene-Type Jet Fuel (Thousand Barrels),3,MBBL
1983-10,R30-Z00,PADD 3,EPJK,Kerosene-Type Jet Fuel,IM0,Imports,MKJIMP32,Gulf Coast (PADD 3) Imports of Kerosene-Type Jet Fuel (Thousand Barrels per Day),0,MBBL/D
1983-11,R30-Z00,PADD 3,EPJK,Kerosene-Type Jet Fuel,IM0,Imports,MKJIMP31,Gulf Coast (PADD 3) Imports of Kerosene-Type Jet Fuel (Thousand Barrels),57,MBBL
1983-11,R30-Z00,PADD 3,EPJK,Kerosene-Type Jet Fuel,IM0,Imports,MKJIMP32,Gulf Coast (PADD 3) Imports of Kerosene-Type Jet Fuel (Thousand Barrels per Day),2,MBBL/D
1983-12,R30-Z00,PADD 3,EPJK,Kerosene-Type Jet Fuel,IM0,Imports,MKJIMP31,Gulf Coast (PADD 3) Imports of Kerosene-Type Jet Fuel (Thousand Barrels),27,MBBL
1983-12,R30-Z00,PADD 3,EPJK,Kerosene-Type Jet Fuel,IM0,Imports,MKJIMP32,Gulf Coast (PADD 3) Imports of Kerosene-Type Jet Fuel (Thousand Barrels per Day),1,MBBL/D
1984-05,R30-Z00,PADD 3,EPJK,Kerosene-Type Jet Fuel,IM0,Imports,MKJIMP31,Gulf Coast (PADD 3) Imports of Kerosene-Type Jet Fuel (Thousand Barrels),19,MBBL
1984-05,R30-Z00,PADD 3,EPJK,Kerosene-Type Jet Fuel,IM0,Imports,MKJIMP32,Gulf Coast (PADD 3) Imports of Kerosene-Type Jet Fuel (Thousand Barrels per Day),1,MBBL/D
1985-03,R30-Z00,PADD 3,EPJK,Kerosene-Type Jet Fuel,IM0,Imports,MKJIMP31,Gulf Coast (PADD 3) Imports of Kerosene-Type Jet Fuel (Thousand Barrels),0,MBBL
1985-03,R30-Z00,PADD 3,EPJK,Kerosene-Type Jet Fuel,IM0,Imports,MKJIMP32,Gulf Coast (PADD 3) Imports of Kerosene-Type Jet Fuel (Thousand Barrels per Day),0,MBBL/D
1985-07,R30-Z00,PADD 3,EPJK,Kerosene-Type Jet Fuel,IM0,Imports,MKJIMP31,Gulf Coast (PADD 3) Imports of Kerosene-Type Jet Fuel (Thousand Barrels),89,MBBL
1985-07,R30-Z00,PADD 3,EPJK,Kerosene-Type Jet Fuel,IM0,Imports,MKJIMP32,Gulf Coast (PADD 3) Imports of Kerosene-Type Jet Fuel (Thousand Barrels per Day),3,MBBL/D
1986-11,R30-Z00,PADD 3,EPJK,Kerosene-Type Jet Fuel,IM0,Imports,MKJIMP31,Gulf Coast (PADD 3) Imports of Kerosene-Type Jet Fuel (Thousand Barrels),228,MBBL
1986-11,R30-Z00,PADD 3,EPJK,Kerosene-Type Jet Fuel,IM0,Imports,MKJIMP32,Gulf Coast (PADD 3) Imports of Kerosene-Type Jet Fuel (Thousand Barrels per Day),8,MBBL/D
1987-03,R30-Z00,PADD 3,EPJK,Kerosene-Type Jet Fuel,IM0,Imports,MKJIMP31,Gulf Coast (PADD 3) Imports of Kerosene-Type Jet Fuel (Thousand Barrels),0,MBBL
1987-03,R30-Z00,PADD 3,EPJK,Kerosene-Type Jet Fuel,IM0,Imports,MKJIMP32,Gulf Coast (PADD 3) Imports of Kerosene-Type Jet Fuel (Thousand Barrels per Day),0,MBBL/D
1987-07,R30-Z00,PADD 3,EPJK,Kerosene-Type Jet Fuel,IM0,Imports,MKJIMP31,Gulf Coast (PADD 3) Imports of Kerosene-Type Jet Fuel (Thousand Barrels),32,MBBL
1987-07,R30-Z00,PADD 3,EPJK,Kerosene-Type Jet Fuel,IM0,Imports,MKJIMP32,Gulf Coast (PADD 3) Imports of Kerosene-Type Jet Fuel (Thousand Barrels per Day),1,MBBL/D
1987-08,R30-Z00,PADD 3,EPJK,Kerosene-Type Jet Fuel,IM0,Imports,MKJIMP31,Gulf Coast (PADD 3) Imports of Kerosene-Type Jet Fuel (Thousand Barrels),55,MBBL
1987-08,R30-Z00,PADD 3,EPJK,Kerosene-Type Jet Fuel,IM0,Imports,MKJIMP32,Gulf Coast (PADD 3) Imports of Kerosene-Type Jet Fuel (Thousand Barrels per Day),2,MBBL/D
1987-09,R30-Z00,PADD 3,EPJK,Kerosene-Type Jet Fuel,IM0,Imports,MKJIMP31,Gulf Coast (PADD 3) Imports of Kerosene-Type Jet Fuel (Thousand Barrels),78,MBBL
1987-09,R30-Z00,PADD 3,EPJK,Kerosene-Type Jet Fuel,IM0,Imports,MKJIMP32,Gulf Coast (PADD 3) Imports of Kerosene-Type Jet Fuel (Thousand Barrels per Day),3,MBBL/D
1987-10,R30-Z00,PADD 3,EPJK,Kerosene-Type Jet Fuel,IM0,Imports,MKJIMP31,Gulf Coast (PADD 3) Imports of Kerosene-Type Jet Fuel (Thousand Barrels),168,MBBL
1987-10,R30-Z00,PADD 3,EPJK,Kerosene-Type Jet Fuel,IM0,Imports,MKJIMP32,Gulf Coast (PADD 3) Imports of Kerosene-Type Jet Fuel (Thousand Barrels per Day),5,MBBL/D
1987-11,R30-Z00,PADD 3,EPJK,Kerosene-Type Jet Fuel,IM0,Imports,MKJIMP31,Gulf Coast (PADD 3) Imports of Kerosene-Type Jet Fuel (Thousand Barrels),109,MBBL
1987-11,R30-Z00,PADD 3,EPJK,Kerosene-Type Jet Fuel,IM0,Imports,MKJIMP32,Gulf Coast (PADD 3) Imports of Kerosene-Type Jet Fuel (Thousand Barrels per Day),4,MBBL/D
1987-12,R30-Z00,PADD 3,EPJK,Kerosene-Type Jet Fuel,IM0,Imports,MKJIMP31,Gulf Coast (PADD 3) Imports of Kerosene-Type Jet Fuel (Thousand Barrels),119,MBBL
1987-12,R30-Z00,PADD 3,EPJK,Kerosene-Type Jet Fuel,IM0,Imports,MKJIMP32,Gulf Coast (PADD 3) Imports of Kerosene-Type Jet Fuel (Thousand Barrels per Day),4,MBBL/D
1988-01,R30-Z00,PADD 3,EPJK,Kerosene-Type Jet Fuel,IM0,Imports,MKJIMP31,Gulf Coast (PADD 3) Imports of Kerosene-Type Jet Fuel (Thousand Barrels),104,MBBL
1988-01,R30-Z00,PADD 3,EPJK,Kerosene-Type Jet Fuel,IM0,Imports,MKJIMP32,Gulf Coast (PADD 3) Imports of Kerosene-Type Jet Fuel (Thousand Barrels per Day),3,MBBL/D
1988-02,R30-Z00,PADD 3,EPJK,Kerosene-Type Jet Fuel,IM0,Imports,MKJIMP31,Gulf Coast (PADD 3) Imports of Kerosene-Type Jet Fuel (Thousand Barrels),111,MBBL
1988-02,R30-Z00,PADD 3,EPJK,Kerosene-Type Jet Fuel,IM0,Imports,MKJIMP32,Gulf Coast (PADD 3) Imports of Kerosene-Type Jet Fuel (Thousand Barrels per Day),4,MBBL/D
1988-03,R30-Z00,PADD 3,EPJK,Kerosene-Type Jet Fuel,IM0,Imports,MKJIMP31,Gulf Coast (PADD 3) Imports of Kerosene-Type Jet Fuel (Thousand Barrels),141,MBBL
1988-03,R30-Z00,PADD 3,EPJK,Kerosene-Type Jet Fuel,IM0,Imports,MKJIMP32,Gulf Coast (PADD 3) Imports of Kerosene-Type Jet Fuel (Thousand Barrels per Day),5,MBBL/D
1988-04,R30-Z00,PADD 3,EPJK,Kerosene-Type Jet Fuel,IM0,Imports,MKJIMP31,Gulf Coast (PADD 3) Imports of Kerosene-Type Jet Fuel (Thousand Barrels),190,MBBL
1988-04,R30-Z00,PADD 3,EPJK,Kerosene-Type Jet Fuel,IM0,Imports,MKJIMP32,Gulf Coast (PADD 3) Imports of Kerosene-Type Jet Fuel (Thousand Barrels per Day),6,MBBL/D
1988-06,R30-Z00,PADD 3,EPJK,Kerosene-Type Jet Fuel,IM0,Imports,MKJIMP31,Gulf Coast (PADD 3) Imports of Kerosene-Type Jet Fuel (Thousand Barrels),90,MBBL
1988-06,R30-Z00,PADD 3,EPJK,Kerosene-Type Jet Fuel,IM0,Imports,MKJIMP32,Gulf Coast (PADD 3) Imports of Kerosene-Type Jet Fuel (Thousand Barrels per Day),3,MBBL/D
1988-07,R30-Z00,PADD 3,EPJK,Kerosene-Type Jet Fuel,IM0,Imports,MKJIMP31,Gulf Coast (PADD 3) Imports of Kerosene-Type Jet Fuel (Thousand Barrels),90,MBBL
1988-07,R30-Z00,PADD 3,EPJK,Kerosene-Type Jet Fuel,IM0,Imports,MKJIMP32,Gulf Coast (PADD 3) Imports of Kerosene-Type Jet Fuel (Thousand Barrels per Day),3,MBBL/D
1988-08,R30-Z00,PADD 3,EPJK,Kerosene-Type Jet Fuel,IM0,Imports,MKJIMP31,Gulf Coast (PADD 3) Imports of Kerosene-Type Jet Fuel (Thousand Barrels),374,MBBL
1988-08,R30-Z00,PADD 3,EPJK,Kerosene-Type Jet Fuel,IM0,Imports,MKJIMP32,Gulf Coast (PADD 3) Imports of Kerosene-Type Jet Fuel (Thousand Barrels per Day),12,MBBL/D
1988-09,R30-Z00,PADD 3,EPJK,Kerosene-Type Jet Fuel,IM0,Imports,MKJIMP31,Gulf Coast (PADD 3) Imports of Kerosene-Type Jet Fuel (Thousand Barrels),2,MBBL
1988-09,R30-Z00,PADD 3,EPJK,Kerosene-Type Jet Fuel,IM0,Imports,MKJIMP32,Gulf Coast (PADD 3) Imports of Kerosene-Type Jet Fuel (Thousand Barrels per Day),0,MBBL/D
1988-10,R30-Z00,PADD 3,EPJK,Kerosene-Type Jet Fuel,IM0,Imports,MKJIMP31,Gulf Coast (PADD 3) Imports of Kerosene-Type Jet Fuel (Thousand Barrels),234,MBBL
1988-10,R30-Z00,PADD 3,EPJK,Kerosene-Type Jet Fuel,IM0,Imports,MKJIMP32,Gulf Coast (PADD 3) Imports of Kerosene-Type Jet Fuel (Thousand Barrels per Day),8,MBBL/D
1988-11,R30-Z00,PADD 3,EPJK,Kerosene-Type Jet Fuel,IM0,Imports,MKJIMP31,Gulf Coast (PADD 3) Imports of Kerosene-Type Jet Fuel (Thousand Barrels),265,MBBL
1988-11,R30-Z00,PADD 3,EPJK,Kerosene-Type Jet Fuel,IM0,Imports,MKJIMP32,Gulf Coast (PADD 3) Imports of Kerosene-Type Jet Fuel (Thousand Barrels per Day),9,MBBL/D
1988-12,R30-Z00,PADD 3,EPJK,Kerosene-Type Jet Fuel,IM0,Imports,MKJIMP31,Gulf Coast (PADD 3) Imports of Kerosene-Type Jet Fuel (Thousand Barrels),118,MBBL
1988-12,R30-Z00,PADD 3,EPJK,Kerosene-Type Jet Fuel,IM0,Imports,MKJIMP32,Gulf Coast (PADD 3) Imports of Kerosene-Type Jet Fuel (Thousand Barrels per Day),4,MBBL/D
1989-01,R30-Z00,PADD 3,EPJK,Kerosene-Type Jet Fuel,IM0,Imports,MKJIMP31,Gulf Coast (PADD 3) Imports of Kerosene-Type Jet Fuel (Thousand Barrels),618,MBBL
1989-01,R30-Z00,PADD 3,EPJK,Kerosene-Type Jet Fuel,IM0,Imports,MKJIMP32,Gulf Coast (PADD 3) Imports of Kerosene-Type Jet Fuel (Thousand Barrels per Day),20,MBBL/D
1989-02,R30-Z00,PADD 3,EPJK,Kerosene-Type Jet Fuel,IM0,Imports,MKJIMP31,Gulf Coast (PADD 3) Imports of Kerosene-Type Jet Fuel (Thousand Barrels),772,MBBL
1989-02,R30-Z00,PADD 3,EPJK,Kerosene-Type Jet Fuel,IM0,Imports,MKJIMP32,Gulf Coast (PADD 3) Imports of Kerosene-Type Jet Fuel (Thousand Barrels per Day),28,MBBL/D
1989-03,R30-Z00,PADD 3,EPJK,Kerosene-Type Jet Fuel,IM0,Imports,MKJIMP31,Gulf Coast (PADD 3) Imports of Kerosene-Type Jet Fuel (Thousand Barrels),764,MBBL
1989-03,R30-Z00,PADD 3,EPJK,Kerosene-Type Jet Fuel,IM0,Imports,MKJIMP32,Gulf Coast (PADD 3) Imports of Kerosene-Type Jet Fuel (Thousand Barrels per Day),25,MBBL/D
1989-04,R30-Z00,PADD 3,EPJK,Kerosene-Type Jet Fuel,IM0,Imports,MKJIMP31,Gulf Coast (PADD 3) Imports of Kerosene-Type Jet Fuel (Thousand Barrels),1025,MBBL
1989-04,R30-Z00,PADD 3,EPJK,Kerosene-Type Jet Fuel,IM0,Imports,MKJIMP32,Gulf Coast (PADD 3) Imports of Kerosene-Type Jet Fuel (Thousand Barrels per Day),34,MBBL/D
1989-05,R30-Z00,PADD 3,EPJK,Kerosene-Type Jet Fuel,IM0,Imports,MKJIMP31,Gulf Coast (PADD 3) Imports of Kerosene-Type Jet Fuel (Thousand Barrels),921,MBBL
1989-05,R30-Z00,PADD 3,EPJK,Kerosene-Type Jet Fuel,IM0,Imports,MKJIMP32,Gulf Coast (PADD 3) Imports of Kerosene-Type Jet Fuel (Thousand Barrels per Day),30,MBBL/D
1989-06,R30-Z00,PADD 3,EPJK,Kerosene-Type Jet Fuel,IM0,Imports,MKJIMP31,Gulf Coast (PADD 3) Imports of Kerosene-Type Jet Fuel (Thousand Barrels),995,MBBL
1989-06,R30-Z00,PADD 3,EPJK,Kerosene-Type Jet Fuel,IM0,Imports,MKJIMP32,Gulf Coast (PADD 3) Imports of Kerosene-Type Jet Fuel (Thousand Barrels per Day),33,MBBL/D
1989-07,R30-Z00,PADD 3,EPJK,Kerosene-Type Jet Fuel,IM0,Imports,MKJIMP31,Gulf Coast (PADD 3) Imports of Kerosene-Type Jet Fuel (Thousand Barrels),1496,MBBL
1989-07,R30-Z00,PADD 3,EPJK,Kerosene-Type Jet Fuel,IM0,Imports,MKJIMP32,Gulf Coast (PADD 3) Imports of Kerosene-Type Jet Fuel (Thousand Barrels per Day),48,MBBL/D
1989-08,R30-Z00,PADD 3,EPJK,Kerosene-Type Jet Fuel,IM0,Imports,MKJIMP31,Gulf Coast (PADD 3) Imports of Kerosene-Type Jet Fuel (Thousand Barrels),990,MBBL
1989-08,R30-Z00,PADD 3,EPJK,Kerosene-Type Jet Fuel,IM0,Imports,MKJIMP32,Gulf Coast (PADD 3) Imports of Kerosene-Type Jet Fuel (Thousand Barrels per Day),32,MBBL/D
1989-09,R30-Z00,PADD 3,EPJK,Kerosene-Type Jet Fuel,IM0,Imports,MKJIMP31,Gulf Coast (PADD 3) Imports of Kerosene-Type Jet Fuel (Thousand Barrels),763,MBBL
1989-09,R30-Z00,PADD 3,EPJK,Kerosene-Type Jet Fuel,IM0,Imports,MKJIMP32,Gulf Coast (PADD 3) Imports of Kerosene-Type Jet Fuel (Thousand Barrels per Day),25,MBBL/D
1989-10,R30-Z00,PADD 3,EPJK,Kerosene-Type Jet Fuel,IM0,Imports,MKJIMP31,Gulf Coast (PADD 3) Imports of Kerosene-Type Jet Fuel (Thousand Barrels),943,MBBL
1989-10,R30-Z00,PADD 3,EPJK,Kerosene-Type Jet Fuel,IM0,Imports,MKJIMP32,Gulf Coast (PADD 3) Imports of Kerosene-Type Jet Fuel (Thousand Barrels per Day),30,MBBL/D
1989-11,R30-Z00,PADD 3,EPJK,Kerosene-Type Jet Fuel,IM0,Imports,MKJIMP31,Gulf Coast (PADD 3) Imports of Kerosene-Type Jet Fuel (Thousand Barrels),748,MBBL
1989-11,R30-Z00,PADD 3,EPJK,Kerosene-Type Jet Fuel,IM0,Imports,MKJIMP32,Gulf Coast (PADD 3) Imports of Kerosene-Type Jet Fuel (Thousand Barrels per Day),25,MBBL/D
1989-12,R30-Z00,PADD 3,EPJK,Kerosene-Type Jet Fuel,IM0,Imports,MKJIMP31,Gulf Coast (PADD 3) Imports of Kerosene-Type Jet Fuel (Thousand Barrels),1425,MBBL
1989-12,R30-Z00,PADD 3,EPJK,Kerosene-Type Jet Fuel,IM0,Imports,MKJIMP32,Gulf Coast (PADD 3) Imports of Kerosene-Type Jet Fuel (Thousand Barrels per Day),46,MBBL/D
1990-01,R30-Z00,PADD 3,EPJK,Kerosene-Type Jet Fuel,IM0,Imports,MKJIMP31,Gulf Coast (PADD 3) Imports of Kerosene-Type Jet Fuel (Thousand Barrels),1691,MBBL
1990-01,R30-Z00,PADD 3,EPJK,Kerosene-Type Jet Fuel,IM0,Imports,MKJIMP32,Gulf Coast (PADD 3) Imports of Kerosene-Type Jet Fuel (Thousand Barrels per Day),55,MBBL/D
1990-02,R30-Z00,PADD 3,EPJK,Kerosene-Type Jet Fuel,IM0,Imports,MKJIMP31,Gulf Coast (PADD 3) Imports of Kerosene-Type Jet Fuel (Thousand Barrels),709,MBBL
1990-02,R30-Z00,PADD 3,EPJK,Kerosene-Type Jet Fuel,IM0,Imports,MKJIMP32,Gulf Coast (PADD 3) Imports of Kerosene-Type Jet Fuel (Thousand Barrels per Day),25,MBBL/D
1990-03,R30-Z00,PADD 3,EPJK,Kerosene-Type Jet Fuel,IM0,Imports,MKJIMP31,Gulf Coast (PADD 3) Imports of Kerosene-Type Jet Fuel (Thousand Barrels),575,MBBL
1990-03,R30-Z00,PADD 3,EPJK,Kerosene-Type Jet Fuel,IM0,Imports,MKJIMP32,Gulf Coast (PADD 3) Imports of Kerosene-Type Jet Fuel (Thousand Barrels per Day),19,MBBL/D
1990-04,R30-Z00,PADD 3,EPJK,Kerosene-Type Jet Fuel,IM0,Imports,MKJIMP31,Gulf Coast (PADD 3) Imports of Kerosene-Type Jet Fuel (Thousand Barrels),796,MBBL
1990-04,R30-Z00,PADD 3,EPJK,Kerosene-Type Jet Fuel,IM0,Imports,MKJIMP32,Gulf Coast (PADD 3) Imports of Kerosene-Type Jet Fuel (Thousand Barrels per Day),27,MBBL/D
1990-05,R30-Z00,PADD 3,EPJK,Kerosene-Type Jet Fuel,IM0,Imports,MKJIMP31,Gulf Coast (PADD 3) Imports of Kerosene-Type Jet Fuel (Thousand Barrels),876,MBBL
1990-05,R30-Z00,PADD 3,EPJK,Kerosene-Type Jet Fuel,IM0,Imports,MKJIMP32,Gulf Coast (PADD 3) Imports of Kerosene-Type Jet Fuel (Thousand Barrels per Day),28,MBBL/D
1990-06,R30-Z00,PADD 3,EPJK,Kerosene-Type Jet Fuel,IM0,Imports,MKJIMP31,Gulf Coast (PADD 3) Imports of Kerosene-Type Jet Fuel (Thousand Barrels),468,MBBL
1990-06,R30-Z00,PADD 3,EPJK,Kerosene-Type Jet Fuel,IM0,Imports,MKJIMP32,Gulf Coast (PADD 3) Imports of Kerosene-Type Jet Fuel (Thousand Barrels per Day),16,MBBL/D
1990-07,R30-Z00,PADD 3,EPJK,Kerosene-Type Jet Fuel,IM0,Imports,MKJIMP31,Gulf Coast (PADD 3) Imports of Kerosene-Type Jet Fuel (Thousand Barrels),472,MBBL
1990-07,R30-Z00,PADD 3,EPJK,Kerosene-Type Jet Fuel,IM0,Imports,MKJIMP32,Gulf Coast (PADD 3) Imports of Kerosene-Type Jet Fuel (Thousand Barrels per Day),15,MBBL/D
1990-08,R30-Z00,PADD 3,EPJK,Kerosene-Type Jet Fuel,IM0,Imports,MKJIMP31,Gulf Coast (PADD 3) Imports of Kerosene-Type Jet Fuel (Thousand Barrels),297,MBBL
1990-08,R30-Z00,PADD 3,EPJK,Kerosene-Type Jet Fuel,IM0,Imports,MKJIMP32,Gulf Coast (PADD 3) Imports of Kerosene-Type Jet Fuel (Thousand Barrels per Day),10,MBBL/D
1990-09,R30-Z00,PADD 3,EPJK,Kerosene-Type Jet Fuel,IM0,Imports,MKJIMP31,Gulf Coast (PADD 3) Imports of Kerosene-Type Jet Fuel (Thousand Barrels),254,MBBL
1990-09,R30-Z00,PADD 3,EPJK,Kerosene-Type Jet Fuel,IM0,Imports,MKJIMP32,Gulf Coast (PADD 3) Imports of Kerosene-Type Jet Fuel (Thousand Barrels per Day),8,MBBL/D
1991-01,R30-Z00,PADD 3,EPJK,Kerosene-Type Jet Fuel,IM0,Imports,MKJIMP31,Gulf Coast (PADD 3) Imports of Kerosene-Type Jet Fuel (Thousand Barrels),0,MBBL
1991-01,R30-Z00,PADD 3,EPJK,Kerosene-Type Jet Fuel,IM0,Imports,MKJIMP32,Gulf Coast (PADD 3) Imports of Kerosene-Type Jet Fuel (Thousand Barrels per Day),0,MBBL/D
1991-02,R30-Z00,PADD 3,EPJK,Kerosene-Type Jet Fuel,IM0,Imports,MKJIMP31,Gulf Coast (PADD 3) Imports of Kerosene-Type Jet Fuel (Thousand Barrels),0,MBBL
1991-02,R30-Z00,PADD 3,EPJK,Kerosene-Type Jet Fuel,IM0,Imports,MKJIMP32,Gulf Coast (PADD 3) Imports of Kerosene-Type Jet Fuel (Thousand Barrels per Day),0,MBBL/D
1991-03,R30-Z00,PADD 3,EPJK,Kerosene-Type Jet Fuel,IM0,Imports,MKJIMP31,Gulf Coast (PADD 3) Imports of Kerosene-Type Jet Fuel (Thousand Barrels),98,MBBL
1991-03,R30-Z00,PADD 3,EPJK,Kerosene-Type Jet Fuel,IM0,Imports,MKJIMP32,Gulf Coast (PADD 3) Imports of Kerosene-Type Jet Fuel (Thousand Barrels per Day),3,MBBL/D
1991-04,R30-Z00,PADD 3,EPJK,Kerosene-Type Jet Fuel,IM0,Imports,MKJIMP31,Gulf Coast (PADD 3) Imports of Kerosene-Type Jet Fuel (Thousand Barrels),0,MBBL
1991-04,R30-Z00,PADD 3,EPJK,Kerosene-Type Jet Fuel,IM0,Imports,MKJIMP32,Gulf Coast (PADD 3) Imports of Kerosene-Type Jet Fuel (Thousand Barrels per Day),0,MBBL/D
1991-05,R30-Z00,PADD 3,EPJK,Kerosene-Type Jet Fuel,IM0,Imports,MKJIMP31,Gulf Coast (PADD 3) Imports of Kerosene-Type Jet Fuel (Thousand Barrels),0,MBBL
1991-05,R30-Z00,PADD 3,EPJK,Kerosene-Type Jet Fuel,IM0,Imports,MKJIMP32,Gulf Coast (PADD 3) Imports of Kerosene-Type Jet Fuel (Thousand Barrels per Day),0,MBBL/D
1991-06,R30-Z00,PADD 3,EPJK,Kerosene-Type Jet Fuel,IM0,Imports,MKJIMP31,Gulf Coast (PADD 3) Imports of Kerosene-Type Jet Fuel (Thousand Barrels),0,MBBL
1991-06,R30-Z00,PADD 3,EPJK,Kerosene-Type Jet Fuel,IM0,Imports,MKJIMP32,Gulf Coast (PADD 3) Imports of Kerosene-Type Jet Fuel (Thousand Barrels per Day),0,MBBL/D
1991-07,R30-Z00,PADD 3,EPJK,Kerosene-Type Jet Fuel,IM0,Imports,MKJIMP31,Gulf Coast (PADD 3) Imports of Kerosene-Type Jet Fuel (Thousand Barrels),0,MBBL
1991-07,R30-Z00,PADD 3,EPJK,Kerosene-Type Jet Fuel,IM0,Imports,MKJIMP32,Gulf Coast (PADD 3) Imports of Kerosene-Type Jet Fuel (Thousand Barrels per Day),0,MBBL/D
1991-08,R30-Z00,PADD 3,EPJK,Kerosene-Type Jet Fuel,IM0,Imports,MKJIMP31,Gulf Coast (PADD 3) Imports of Kerosene-Type Jet Fuel (Thousand Barrels),248,MBBL
1991-08,R30-Z00,PADD 3,EPJK,Kerosene-Type Jet Fuel,IM0,Imports,MKJIMP32,Gulf Coast (PADD 3) Imports of Kerosene-Type Jet Fuel (Thousand Barrels per Day),8,MBBL/D
1991-09,R30-Z00,PADD 3,EPJK,Kerosene-Type Jet Fuel,IM0,Imports,MKJIMP31,Gulf Coast (PADD 3) Imports of Kerosene-Type Jet Fuel (Thousand Barrels),0,MBBL
1991-09,R30-Z00,PADD 3,EPJK,Kerosene-Type Jet Fuel,IM0,Imports,MKJIMP32,Gulf Coast (PADD 3) Imports of Kerosene-Type Jet Fuel (Thousand Barrels per Day),0,MBBL/D
1991-10,R30-Z00,PADD 3,EPJK,Kerosene-Type Jet Fuel,IM0,Imports,MKJIMP31,Gulf Coast (PADD 3) Imports of Kerosene-Type Jet Fuel (Thousand Barrels),0,MBBL
1991-10,R30-Z00,PADD 3,EPJK,Kerosene-Type Jet Fuel,IM0,Imports,MKJIMP32,Gulf Coast (PADD 3) Imports of Kerosene-Type Jet Fuel (Thousand Barrels per Day),0,MBBL/D
1991-11,R30-Z00,PADD 3,EPJK,Kerosene-Type Jet Fuel,IM0,Imports,MKJIMP31,Gulf Coast (PADD 3) Imports of Kerosene-Type Jet Fuel (Thousand Barrels),0,MBBL
1991-11,R30-Z00,PADD 3,EPJK,Kerosene-Type Jet Fuel,IM0,Imports,MKJIMP32,Gulf Coast (PADD 3) Imports of Kerosene-Type Jet Fuel (Thousand Barrels per Day),0,MBBL/D
1991-12,R30-Z00,PADD 3,EPJK,Kerosene-Type Jet Fuel,IM0,Imports,MKJIMP31,Gulf Coast (PADD 3) Imports of Kerosene-Type Jet Fuel (Thousand Barrels),0,MBBL
1991-12,R30-Z00,PADD 3,EPJK,Kerosene-Type Jet Fuel,IM0,Imports,MKJIMP32,Gulf Coast (PADD 3) Imports of Kerosene-Type Jet Fuel (Thousand Barrels per Day),0,MBBL/D
1992-01,R30-Z00,PADD 3,EPJK,Kerosene-Type Jet Fuel,IM0,Imports,MKJIMP32,Gulf Coast (PADD 3) Imports of Kerosene-Type Jet Fuel (Thousand Barrels per Day),0,MBBL/D
1992-01,R30-Z00,PADD 3,EPJK,Kerosene-Type Jet Fuel,IM0,Imports,MKJIMP31,Gulf Coast (PADD 3) Imports of Kerosene-Type Jet Fuel (Thousand Barrels),0,MBBL
1992-02,R30-Z00,PADD 3,EPJK,Kerosene-Type Jet Fuel,IM0,Imports,MKJIMP32,Gulf Coast (PADD 3) Imports of Kerosene-Type Jet Fuel (Thousand Barrels per Day),0,MBBL/D
1992-02,R30-Z00,PADD 3,EPJK,Kerosene-Type Jet Fuel,IM0,Imports,MKJIMP31,Gulf Coast (PADD 3) Imports of Kerosene-Type Jet Fuel (Thousand Barrels),0,MBBL
1992-03,R30-Z00,PADD 3,EPJK,Kerosene-Type Jet Fuel,IM0,Imports,MKJIMP31,Gulf Coast (PADD 3) Imports of Kerosene-Type Jet Fuel (Thousand Barrels),0,MBBL
1992-03,R30-Z00,PADD 3,EPJK,Kerosene-Type Jet Fuel,IM0,Imports,MKJIMP32,Gulf Coast (PADD 3) Imports of Kerosene-Type Jet Fuel (Thousand Barrels per Day),0,MBBL/D
1992-04,R30-Z00,PADD 3,EPJK,Kerosene-Type Jet Fuel,IM0,Imports,MKJIMP31,Gulf Coast (PADD 3) Imports of Kerosene-Type Jet Fuel (Thousand Barrels),0,MBBL
1992-04,R30-Z00,PADD 3,EPJK,Kerosene-Type Jet Fuel,IM0,Imports,MKJIMP32,Gulf Coast (PADD 3) Imports of Kerosene-Type Jet Fuel (Thousand Barrels per Day),0,MBBL/D
1992-05,R30-Z00,PADD 3,EPJK,Kerosene-Type Jet Fuel,IM0,Imports,MKJIMP31,Gulf Coast (PADD 3) Imports of Kerosene-Type Jet Fuel (Thousand Barrels),0,MBBL
1992-05,R30-Z00,PADD 3,EPJK,Kerosene-Type Jet Fuel,IM0,Imports,MKJIMP32,Gulf Coast (PADD 3) Imports of Kerosene-Type Jet Fuel (Thousand Barrels per Day),0,MBBL/D
1992-06,R30-Z00,PADD 3,EPJK,Kerosene-Type Jet Fuel,IM0,Imports,MKJIMP32,Gulf Coast (PADD 3) Imports of Kerosene-Type Jet Fuel (Thousand Barrels per Day),9,MBBL/D
1992-06,R30-Z00,PADD 3,EPJK,Kerosene-Type Jet Fuel,IM0,Imports,MKJIMP31,Gulf Coast (PADD 3) Imports of Kerosene-Type Jet Fuel (Thousand Barrels),284,MBBL
1992-07,R30-Z00,PADD 3,EPJK,Kerosene-Type Jet Fuel,IM0,Imports,MKJIMP31,Gulf Coast (PADD 3) Imports of Kerosene-Type Jet Fuel (Thousand Barrels),0,MBBL
1992-07,R30-Z00,PADD 3,EPJK,Kerosene-Type Jet Fuel,IM0,Imports,MKJIMP32,Gulf Coast (PADD 3) Imports of Kerosene-Type Jet Fuel (Thousand Barrels per Day),0,MBBL/D
1992-08,R30-Z00,PADD 3,EPJK,Kerosene-Type Jet Fuel,IM0,Imports,MKJIMP32,Gulf Coast (PADD 3) Imports of Kerosene-Type Jet Fuel (Thousand Barrels per Day),11,MBBL/D
1992-08,R30-Z00,PADD 3,EPJK,Kerosene-Type Jet Fuel,IM0,Imports,MKJIMP31,Gulf Coast (PADD 3) Imports of Kerosene-Type Jet Fuel (Thousand Barrels),332,MBBL
1992-09,R30-Z00,PADD 3,EPJK,Kerosene-Type Jet Fuel,IM0,Imports,MKJIMP31,Gulf Coast (PADD 3) Imports of Kerosene-Type Jet Fuel (Thousand Barrels),0,MBBL
1992-09,R30-Z00,PADD 3,EPJK,Kerosene-Type Jet Fuel,IM0,Imports,MKJIMP32,Gulf Coast (PADD 3) Imports of Kerosene-Type Jet Fuel (Thousand Barrels per Day),0,MBBL/D
1992-10,R30-Z00,PADD 3,EPJK,Kerosene-Type Jet Fuel,IM0,Imports,MKJIMP32,Gulf Coast (PADD 3) Imports of Kerosene-Type Jet Fuel (Thousand Barrels per Day),10,MBBL/D
1992-10,R30-Z00,PADD 3,EPJK,Kerosene-Type Jet Fuel,IM0,Imports,MKJIMP31,Gulf Coast (PADD 3) Imports of Kerosene-Type Jet Fuel (Thousand Barrels),317,MBBL
1992-11,R30-Z00,PADD 3,EPJK,Kerosene-Type Jet Fuel,IM0,Imports,MKJIMP31,Gulf Coast (PADD 3) Imports of Kerosene-Type Jet Fuel (Thousand Barrels),312,MBBL
1992-11,R30-Z00,PADD 3,EPJK,Kerosene-Type Jet Fuel,IM0,Imports,MKJIMP32,Gulf Coast (PADD 3) Imports of Kerosene-Type Jet Fuel (Thousand Barrels per Day),10,MBBL/D
1992-12,R30-Z00,PADD 3,EPJK,Kerosene-Type Jet Fuel,IM0,Imports,MKJIMP31,Gulf Coast (PADD 3) Imports of Kerosene-Type Jet Fuel (Thousand Barrels),467,MBBL
1992-12,R30-Z00,PADD 3,EPJK,Kerosene-Type Jet Fuel,IM0,Imports,MKJIMP32,Gulf Coast (PADD 3) Imports of Kerosene-Type Jet Fuel (Thousand Barrels per Day),15,MBBL/D
1993-01,R30-Z00,PADD 3,EPJK,Kerosene-Type Jet Fuel,IM0,Imports,MKJIMP31,Gulf Coast (PADD 3) Imports of Kerosene-Type Jet Fuel (Thousand Barrels),234,MBBL
1993-01,R30-Z00,PADD 3,EPJK,Kerosene-Type Jet Fuel,IM0,Imports,MKJIMP32,Gulf Coast (PADD 3) Imports of Kerosene-Type Jet Fuel (Thousand Barrels per Day),8,MBBL/D
1993-02,R30-Z00,PADD 3,EPJK,Kerosene-Type Jet Fuel,IM0,Imports,MKJIMP31,Gulf Coast (PADD 3) Imports of Kerosene-Type Jet Fuel (Thousand Barrels),7,MBBL
1993-02,R30-Z00,PADD 3,EPJK,Kerosene-Type Jet Fuel,IM0,Imports,MKJIMP32,Gulf Coast (PADD 3) Imports of Kerosene-Type Jet Fuel (Thousand Barrels per Day),0,MBBL/D
1993-03,R30-Z00,PADD 3,EPJK,Kerosene-Type Jet Fuel,IM0,Imports,MKJIMP31,Gulf Coast (PADD 3) Imports of Kerosene-Type Jet Fuel (Thousand Barrels),242,MBBL
1993-03,R30-Z00,PADD 3,EPJK,Kerosene-Type Jet Fuel,IM0,Imports,MKJIMP32,Gulf Coast (PADD 3) Imports of Kerosene-Type Jet Fuel (Thousand Barrels per Day),8,MBBL/D
1993-04,R30-Z00,PADD 3,EPJK,Kerosene-Type Jet Fuel,IM0,Imports,MKJIMP31,Gulf Coast (PADD 3) Imports of Kerosene-Type Jet Fuel (Thousand Barrels),8,MBBL
1993-04,R30-Z00,PADD 3,EPJK,Kerosene-Type Jet Fuel,IM0,Imports,MKJIMP32,Gulf Coast (PADD 3) Imports of Kerosene-Type Jet Fuel (Thousand Barrels per Day),0,MBBL/D
1993-05,R30-Z00,PADD 3,EPJK,Kerosene-Type Jet Fuel,IM0,Imports,MKJIMP31,Gulf Coast (PADD 3) Imports of Kerosene-Type Jet Fuel (Thousand Barrels),10,MBBL
1993-05,R30-Z00,PADD 3,EPJK,Kerosene-Type Jet Fuel,IM0,Imports,MKJIMP32,Gulf Coast (PADD 3) Imports of Kerosene-Type Jet Fuel (Thousand Barrels per Day),0,MBBL/D
1993-06,R30-Z00,PADD 3,EPJK,Kerosene-Type Jet Fuel,IM0,Imports,MKJIMP31,Gulf Coast (PADD 3) Imports of Kerosene-Type Jet Fuel (Thousand Barrels),7,MBBL
1993-06,R30-Z00,PADD 3,EPJK,Kerosene-Type Jet Fuel,IM0,Imports,MKJIMP32,Gulf Coast (PADD 3) Imports of Kerosene-Type Jet Fuel (Thousand Barrels per Day),0,MBBL/D
1993-07,R30-Z00,PADD 3,EPJK,Kerosene-Type Jet Fuel,IM0,Imports,MKJIMP31,Gulf Coast (PADD 3) Imports of Kerosene-Type Jet Fuel (Thousand Barrels),365,MBBL
1993-07,R30-Z00,PADD 3,EPJK,Kerosene-Type Jet Fuel,IM0,Imports,MKJIMP32,Gulf Coast (PADD 3) Imports of Kerosene-Type Jet Fuel (Thousand Barrels per Day),12,MBBL/D
1993-08,R30-Z00,PADD 3,EPJK,Kerosene-Type Jet Fuel,IM0,Imports,MKJIMP31,Gulf Coast (PADD 3) Imports of Kerosene-Type Jet Fuel (Thousand Barrels),346,MBBL
1993-08,R30-Z00,PADD 3,EPJK,Kerosene-Type Jet Fuel,IM0,Imports,MKJIMP32,Gulf Coast (PADD 3) Imports of Kerosene-Type Jet Fuel (Thousand Barrels per Day),11,MBBL/D
1993-09,R30-Z00,PADD 3,EPJK,Kerosene-Type Jet Fuel,IM0,Imports,MKJIMP31,Gulf Coast (PADD 3) Imports of Kerosene-Type Jet Fuel (Thousand Barrels),5,MBBL
1993-09,R30-Z00,PADD 3,EPJK,Kerosene-Type Jet Fuel,IM0,Imports,MKJIMP32,Gulf Coast (PADD 3) Imports of Kerosene-Type Jet Fuel (Thousand Barrels per Day),0,MBBL/D
1993-10,R30-Z00,PADD 3,EPJK,Kerosene-Type Jet Fuel,IM0,Imports,MKJIMP31,Gulf Coast (PADD 3) Imports of Kerosene-Type Jet Fuel (Thousand Barrels),616,MBBL
1993-10,R30-Z00,PADD 3,EPJK,Kerosene-Type Jet Fuel,IM0,Imports,MKJIMP32,Gulf Coast (PADD 3) Imports of Kerosene-Type Jet Fuel (Thousand Barrels per Day),20,MBBL/D
1993-11,R30-Z00,PADD 3,EPJK,Kerosene-Type Jet Fuel,IM0,Imports,MKJIMP31,Gulf Coast (PADD 3) Imports of Kerosene-Type Jet Fuel (Thousand Barrels),11,MBBL
1993-11,R30-Z00,PADD 3,EPJK,Kerosene-Type Jet Fuel,IM0,Imports,MKJIMP32,Gulf Coast (PADD 3) Imports of Kerosene-Type Jet Fuel (Thousand Barrels per Day),0,MBBL/D
1993-12,R30-Z00,PADD 3,EPJK,Kerosene-Type Jet Fuel,IM0,Imports,MKJIMP31,Gulf Coast (PADD 3) Imports of Kerosene-Type Jet Fuel (Thousand Barrels),10,MBBL
1993-12,R30-Z00,PADD 3,EPJK,Kerosene-Type Jet Fuel,IM0,Imports,MKJIMP32,Gulf Coast (PADD 3) Imports of Kerosene-Type Jet Fuel (Thousand Barrels per Day),0,MBBL/D
1994-01,R30-Z00,PADD 3,EPJK,Kerosene-Type Jet Fuel,IM0,Imports,MKJIMP31,Gulf Coast (PADD 3) Imports of Kerosene-Type Jet Fuel (Thousand Barrels),10,MBBL
1994-01,R30-Z00,PADD 3,EPJK,Kerosene-Type Jet Fuel,IM0,Imports,MKJIMP32,Gulf Coast (PADD 3) Imports of Kerosene-Type Jet Fuel (Thousand Barrels per Day),0,MBBL/D
1994-02,R30-Z00,PADD 3,EPJK,Kerosene-Type Jet Fuel,IM0,Imports,MKJIMP31,Gulf Coast (PADD 3) Imports of Kerosene-Type Jet Fuel (Thousand Barrels),8,MBBL
1994-02,R30-Z00,PADD 3,EPJK,Kerosene-Type Jet Fuel,IM0,Imports,MKJIMP32,Gulf Coast (PADD 3) Imports of Kerosene-Type Jet Fuel (Thousand Barrels per Day),0,MBBL/D
1994-03,R30-Z00,PADD 3,EPJK,Kerosene-Type Jet Fuel,IM0,Imports,MKJIMP31,Gulf Coast (PADD 3) Imports of Kerosene-Type Jet Fuel (Thousand Barrels),10,MBBL
1994-03,R30-Z00,PADD 3,EPJK,Kerosene-Type Jet Fuel,IM0,Imports,MKJIMP32,Gulf Coast (PADD 3) Imports of Kerosene-Type Jet Fuel (Thousand Barrels per Day),0,MBBL/D
1994-04,R30-Z00,PADD 3,EPJK,Kerosene-Type Jet Fuel,IM0,Imports,MKJIMP31,Gulf Coast (PADD 3) Imports of Kerosene-Type Jet Fuel (Thousand Barrels),9,MBBL
1994-04,R30-Z00,PADD 3,EPJK,Kerosene-Type Jet Fuel,IM0,Imports,MKJIMP32,Gulf Coast (PADD 3) Imports of Kerosene-Type Jet Fuel (Thousand Barrels per Day),0,MBBL/D
1994-05,R30-Z00,PADD 3,EPJK,Kerosene-Type Jet Fuel,IM0,Imports,MKJIMP31,Gulf Coast (PADD 3) Imports of Kerosene-Type Jet Fuel (Thousand Barrels),11,MBBL
1994-05,R30-Z00,PADD 3,EPJK,Kerosene-Type Jet Fuel,IM0,Imports,MKJIMP32,Gulf Coast (PADD 3) Imports of Kerosene-Type Jet Fuel (Thousand Barrels per Day),0,MBBL/D
1994-06,R30-Z00,PADD 3,EPJK,Kerosene-Type Jet Fuel,IM0,Imports,MKJIMP31,Gulf Coast (PADD 3) Imports of Kerosene-Type Jet Fuel (Thousand Barrels),4,MBBL
1994-06,R30-Z00,PADD 3,EPJK,Kerosene-Type Jet Fuel,IM0,Imports,MKJIMP32,Gulf Coast (PADD 3) Imports of Kerosene-Type Jet Fuel (Thousand Barrels per Day),0,MBBL/D
1994-07,R30-Z00,PADD 3,EPJK,Kerosene-Type Jet Fuel,IM0,Imports,MKJIMP31,Gulf Coast (PADD 3) Imports of Kerosene-Type Jet Fuel (Thousand Barrels),13,MBBL
1994-07,R30-Z00,PADD 3,EPJK,Kerosene-Type Jet Fuel,IM0,Imports,MKJIMP32,Gulf Coast (PADD 3) Imports of Kerosene-Type Jet Fuel (Thousand Barrels per Day),0,MBBL/D
1994-08,R30-Z00,PADD 3,EPJK,Kerosene-Type Jet Fuel,IM0,Imports,MKJIMP31,Gulf Coast (PADD 3) Imports of Kerosene-Type Jet Fuel (Thousand Barrels),13,MBBL
1994-08,R30-Z00,PADD 3,EPJK,Kerosene-Type Jet Fuel,IM0,Imports,MKJIMP32,Gulf Coast (PADD 3) Imports of Kerosene-Type Jet Fuel (Thousand Barrels per Day),0,MBBL/D
1994-09,R30-Z00,PADD 3,EPJK,Kerosene-Type Jet Fuel,IM0,Imports,MKJIMP31,Gulf Coast (PADD 3) Imports of Kerosene-Type Jet Fuel (Thousand Barrels),15,MBBL
1994-09,R30-Z00,PADD 3,EPJK,Kerosene-Type Jet Fuel,IM0,Imports,MKJIMP32,Gulf Coast (PADD 3) Imports of Kerosene-Type Jet Fuel (Thousand Barrels per Day),1,MBBL/D
1994-10,R30-Z00,PADD 3,EPJK,Kerosene-Type Jet Fuel,IM0,Imports,MKJIMP31,Gulf Coast (PADD 3) Imports of Kerosene-Type Jet Fuel (Thousand Barrels),56,MBBL
1994-10,R30-Z00,PADD 3,EPJK,Kerosene-Type Jet Fuel,IM0,Imports,MKJIMP32,Gulf Coast (PADD 3) Imports of Kerosene-Type Jet Fuel (Thousand Barrels per Day),2,MBBL/D
1994-11,R30-Z00,PADD 3,EPJK,Kerosene-Type Jet Fuel,IM0,Imports,MKJIMP31,Gulf Coast (PADD 3) Imports of Kerosene-Type Jet Fuel (Thousand Barrels),243,MBBL
1994-11,R30-Z00,PADD 3,EPJK,Kerosene-Type Jet Fuel,IM0,Imports,MKJIMP32,Gulf Coast (PADD 3) Imports of Kerosene-Type Jet Fuel (Thousand Barrels per Day),8,MBBL/D
1994-12,R30-Z00,PADD 3,EPJK,Kerosene-Type Jet Fuel,IM0,Imports,MKJIMP31,Gulf Coast (PADD 3) Imports of Kerosene-Type Jet Fuel (Thousand Barrels),15,MBBL
1994-12,R30-Z00,PADD 3,EPJK,Kerosene-Type Jet Fuel,IM0,Imports,MKJIMP32,Gulf Coast (PADD 3) Imports of Kerosene-Type Jet Fuel (Thousand Barrels per Day),0,MBBL/D
1995-01,R30-Z00,PADD 3,EPJK,Kerosene-Type Jet Fuel,IM0,Imports,MKJIMP31,Gulf Coast (PADD 3) Imports of Kerosene-Type Jet Fuel (Thousand Barrels),15,MBBL
1995-01,R30-Z00,PADD 3,EPJK,Kerosene-Type Jet Fuel,IM0,Imports,MKJIMP32,Gulf Coast (PADD 3) Imports of Kerosene-Type Jet Fuel (Thousand Barrels per Day),0,MBBL/D
1995-02,R30-Z00,PADD 3,EPJK,Kerosene-Type Jet Fuel,IM0,Imports,MKJIMP31,Gulf Coast (PADD 3) Imports of Kerosene-Type Jet Fuel (Thousand Barrels),17,MBBL
1995-02,R30-Z00,PADD 3,EPJK,Kerosene-Type Jet Fuel,IM0,Imports,MKJIMP32,Gulf Coast (PADD 3) Imports of Kerosene-Type Jet Fuel (Thousand Barrels per Day),1,MBBL/D
1995-03,R30-Z00,PADD 3,EPJK,Kerosene-Type Jet Fuel,IM0,Imports,MKJIMP32,Gulf Coast (PADD 3) Imports of Kerosene-Type Jet Fuel (Thousand Barrels per Day),1,MBBL/D
1995-03,R30-Z00,PADD 3,EPJK,Kerosene-Type Jet Fuel,IM0,Imports,MKJIMP31,Gulf Coast (PADD 3) Imports of Kerosene-Type Jet Fuel (Thousand Barrels),20,MBBL
1995-04,R30-Z00,PADD 3,EPJK,Kerosene-Type Jet Fuel,IM0,Imports,MKJIMP32,Gulf Coast (PADD 3) Imports of Kerosene-Type Jet Fuel (Thousand Barrels per Day),0,MBBL/D
1995-04,R30-Z00,PADD 3,EPJK,Kerosene-Type Jet Fuel,IM0,Imports,MKJIMP31,Gulf Coast (PADD 3) Imports of Kerosene-Type Jet Fuel (Thousand Barrels),14,MBBL
1995-05,R30-Z00,PADD 3,EPJK,Kerosene-Type Jet Fuel,IM0,Imports,MKJIMP32,Gulf Coast (PADD 3) Imports of Kerosene-Type Jet Fuel (Thousand Barrels per Day),0,MBBL/D
1995-05,R30-Z00,PADD 3,EPJK,Kerosene-Type Jet Fuel,IM0,Imports,MKJIMP31,Gulf Coast (PADD 3) Imports of Kerosene-Type Jet Fuel (Thousand Barrels),12,MBBL
1995-06,R30-Z00,PADD 3,EPJK,Kerosene-Type Jet Fuel,IM0,Imports,MKJIMP31,Gulf Coast (PADD 3) Imports of Kerosene-Type Jet Fuel (Thousand Barrels),17,MBBL
1995-06,R30-Z00,PADD 3,EPJK,Kerosene-Type Jet Fuel,IM0,Imports,MKJIMP32,Gulf Coast (PADD 3) Imports of Kerosene-Type Jet Fuel (Thousand Barrels per Day),1,MBBL/D
1995-07,R30-Z00,PADD 3,EPJK,Kerosene-Type Jet Fuel,IM0,Imports,MKJIMP31,Gulf Coast (PADD 3) Imports of Kerosene-Type Jet Fuel (Thousand Barrels),21,MBBL
1995-07,R30-Z00,PADD 3,EPJK,Kerosene-Type Jet Fuel,IM0,Imports,MKJIMP32,Gulf Coast (PADD 3) Imports of Kerosene-Type Jet Fuel (Thousand Barrels per Day),1,MBBL/D
1995-08,R30-Z00,PADD 3,EPJK,Kerosene-Type Jet Fuel,IM0,Imports,MKJIMP31,Gulf Coast (PADD 3) Imports of Kerosene-Type Jet Fuel (Thousand Barrels),15,MBBL
1995-08,R30-Z00,PADD 3,EPJK,Kerosene-Type Jet Fuel,IM0,Imports,MKJIMP32,Gulf Coast (PADD 3) Imports of Kerosene-Type Jet Fuel (Thousand Barrels per Day),0,MBBL/D
1995-09,R30-Z00,PADD 3,EPJK,Kerosene-Type Jet Fuel,IM0,Imports,MKJIMP32,Gulf Coast (PADD 3) Imports of Kerosene-Type Jet Fuel (Thousand Barrels per Day),0,MBBL/D
1995-09,R30-Z00,PADD 3,EPJK,Kerosene-Type Jet Fuel,IM0,Imports,MKJIMP31,Gulf Coast (PADD 3) Imports of Kerosene-Type Jet Fuel (Thousand Barrels),14,MBBL
1995-10,R30-Z00,PADD 3,EPJK,Kerosene-Type Jet Fuel,IM0,Imports,MKJIMP31,Gulf Coast (PADD 3) Imports of Kerosene-Type Jet Fuel (Thousand Barrels),0,MBBL
1995-10,R30-Z00,PADD 3,EPJK,Kerosene-Type Jet Fuel,IM0,Imports,MKJIMP32,Gulf Coast (PADD 3) Imports of Kerosene-Type Jet Fuel (Thousand Barrels per Day),0,MBBL/D
1995-11,R30-Z00,PADD 3,EPJK,Kerosene-Type Jet Fuel,IM0,Imports,MKJIMP31,Gulf Coast (PADD 3) Imports of Kerosene-Type Jet Fuel (Thousand Barrels),15,MBBL
1995-11,R30-Z00,PADD 3,EPJK,Kerosene-Type Jet Fuel,IM0,Imports,MKJIMP32,Gulf Coast (PADD 3) Imports of Kerosene-Type Jet Fuel (Thousand Barrels per Day),1,MBBL/D
1995-12,R30-Z00,PADD 3,EPJK,Kerosene-Type Jet Fuel,IM0,Imports,MKJIMP32,Gulf Coast (PADD 3) Imports of Kerosene-Type Jet Fuel (Thousand Barrels per Day),7,MBBL/D
1995-12,R30-Z00,PADD 3,EPJK,Kerosene-Type Jet Fuel,IM0,Imports,MKJIMP31,Gulf Coast (PADD 3) Imports of Kerosene-Type Jet Fuel (Thousand Barrels),210,MBBL
1996-01,R30-Z00,PADD 3,EPJK,Kerosene-Type Jet Fuel,IM0,Imports,MKJIMP31,Gulf Coast (PADD 3) Imports of Kerosene-Type Jet Fuel (Thousand Barrels),316,MBBL
1996-01,R30-Z00,PADD 3,EPJK,Kerosene-Type Jet Fuel,IM0,Imports,MKJIMP32,Gulf Coast (PADD 3) Imports of Kerosene-Type Jet Fuel (Thousand Barrels per Day),10,MBBL/D
1996-02,R30-Z00,PADD 3,EPJK,Kerosene-Type Jet Fuel,IM0,Imports,MKJIMP31,Gulf Coast (PADD 3) Imports of Kerosene-Type Jet Fuel (Thousand Barrels),296,MBBL
1996-02,R30-Z00,PADD 3,EPJK,Kerosene-Type Jet Fuel,IM0,Imports,MKJIMP32,Gulf Coast (PADD 3) Imports of Kerosene-Type Jet Fuel (Thousand Barrels per Day),10,MBBL/D
1996-03,R30-Z00,PADD 3,EPJK,Kerosene-Type Jet Fuel,IM0,Imports,MKJIMP31,Gulf Coast (PADD 3) Imports of Kerosene-Type Jet Fuel (Thousand Barrels),471,MBBL
1996-03,R30-Z00,PADD 3,EPJK,Kerosene-Type Jet Fuel,IM0,Imports,MKJIMP32,Gulf Coast (PADD 3) Imports of Kerosene-Type Jet Fuel (Thousand Barrels per Day),15,MBBL/D
1996-04,R30-Z00,PADD 3,EPJK,Kerosene-Type Jet Fuel,IM0,Imports,MKJIMP31,Gulf Coast (PADD 3) Imports of Kerosene-Type Jet Fuel (Thousand Barrels),16,MBBL
1996-04,R30-Z00,PADD 3,EPJK,Kerosene-Type Jet Fuel,IM0,Imports,MKJIMP32,Gulf Coast (PADD 3) Imports of Kerosene-Type Jet Fuel (Thousand Barrels per Day),1,MBBL/D
1996-05,R30-Z00,PADD 3,EPJK,Kerosene-Type Jet Fuel,IM0,Imports,MKJIMP31,Gulf Coast (PADD 3) Imports of Kerosene-Type Jet Fuel (Thousand Barrels),10,MBBL
1996-05,R30-Z00,PADD 3,EPJK,Kerosene-Type Jet Fuel,IM0,Imports,MKJIMP32,Gulf Coast (PADD 3) Imports of Kerosene-Type Jet Fuel (Thousand Barrels per Day),0,MBBL/D
1996-06,R30-Z00,PADD 3,EPJK,Kerosene-Type Jet Fuel,IM0,Imports,MKJIMP31,Gulf Coast (PADD 3) Imports of Kerosene-Type Jet Fuel (Thousand Barrels),18,MBBL
1996-06,R30-Z00,PADD 3,EPJK,Kerosene-Type Jet Fuel,IM0,Imports,MKJIMP32,Gulf Coast (PADD 3) Imports of Kerosene-Type Jet Fuel (Thousand Barrels per Day),1,MBBL/D
1996-07,R30-Z00,PADD 3,EPJK,Kerosene-Type Jet Fuel,IM0,Imports,MKJIMP31,Gulf Coast (PADD 3) Imports of Kerosene-Type Jet Fuel (Thousand Barrels),21,MBBL
1996-07,R30-Z00,PADD 3,EPJK,Kerosene-Type Jet Fuel,IM0,Imports,MKJIMP32,Gulf Coast (PADD 3) Imports of Kerosene-Type Jet Fuel (Thousand Barrels per Day),1,MBBL/D
1996-08,R30-Z00,PADD 3,EPJK,Kerosene-Type Jet Fuel,IM0,Imports,MKJIMP31,Gulf Coast (PADD 3) Imports of Kerosene-Type Jet Fuel (Thousand Barrels),0,MBBL
1996-08,R30-Z00,PADD 3,EPJK,Kerosene-Type Jet Fuel,IM0,Imports,MKJIMP32,Gulf Coast (PADD 3) Imports of Kerosene-Type Jet Fuel (Thousand Barrels per Day),0,MBBL/D
1996-09,R30-Z00,PADD 3,EPJK,Kerosene-Type Jet Fuel,IM0,Imports,MKJIMP31,Gulf Coast (PADD 3) Imports of Kerosene-Type Jet Fuel (Thousand Barrels),0,MBBL
1996-09,R30-Z00,PADD 3,EPJK,Kerosene-Type Jet Fuel,IM0,Imports,MKJIMP32,Gulf Coast (PADD 3) Imports of Kerosene-Type Jet Fuel (Thousand Barrels per Day),0,MBBL/D
1996-10,R30-Z00,PADD 3,EPJK,Kerosene-Type Jet Fuel,IM0,Imports,MKJIMP31,Gulf Coast (PADD 3) Imports of Kerosene-Type Jet Fuel (Thousand Barrels),0,MBBL
1996-10,R30-Z00,PADD 3,EPJK,Kerosene-Type Jet Fuel,IM0,Imports,MKJIMP32,Gulf Coast (PADD 3) Imports of Kerosene-Type Jet Fuel (Thousand Barrels per Day),0,MBBL/D
1996-11,R30-Z00,PADD 3,EPJK,Kerosene-Type Jet Fuel,IM0,Imports,MKJIMP31,Gulf Coast (PADD 3) Imports of Kerosene-Type Jet Fuel (Thousand Barrels),0,MBBL
1996-11,R30-Z00,PADD 3,EPJK,Kerosene-Type Jet Fuel,IM0,Imports,MKJIMP32,Gulf Coast (PADD 3) Imports of Kerosene-Type Jet Fuel (Thousand Barrels per Day),0,MBBL/D
1996-12,R30-Z00,PADD 3,EPJK,Kerosene-Type Jet Fuel,IM0,Imports,MKJIMP31,Gulf Coast (PADD 3) Imports of Kerosene-Type Jet Fuel (Thousand Barrels),14,MBBL
1996-12,R30-Z00,PADD 3,EPJK,Kerosene-Type Jet Fuel,IM0,Imports,MKJIMP32,Gulf Coast (PADD 3) Imports of Kerosene-Type Jet Fuel (Thousand Barrels per Day),0,MBBL/D
1997-01,R30-Z00,PADD 3,EPJK,Kerosene-Type Jet Fuel,IM0,Imports,MKJIMP31,Gulf Coast (PADD 3) Imports of Kerosene-Type Jet Fuel (Thousand Barrels),21,MBBL
1997-01,R30-Z00,PADD 3,EPJK,Kerosene-Type Jet Fuel,IM0,Imports,MKJIMP32,Gulf Coast (PADD 3) Imports of Kerosene-Type Jet Fuel (Thousand Barrels per Day),1,MBBL/D
1997-02,R30-Z00,PADD 3,EPJK,Kerosene-Type Jet Fuel,IM0,Imports,MKJIMP31,Gulf Coast (PADD 3) Imports of Kerosene-Type Jet Fuel (Thousand Barrels),17,MBBL
1997-02,R30-Z00,PADD 3,EPJK,Kerosene-Type Jet Fuel,IM0,Imports,MKJIMP32,Gulf Coast (PADD 3) Imports of Kerosene-Type Jet Fuel (Thousand Barrels per Day),1,MBBL/D
1997-03,R30-Z00,PADD 3,EPJK,Kerosene-Type Jet Fuel,IM0,Imports,MKJIMP31,Gulf Coast (PADD 3) Imports of Kerosene-Type Jet Fuel (Thousand Barrels),21,MBBL
1997-03,R30-Z00,PADD 3,EPJK,Kerosene-Type Jet Fuel,IM0,Imports,MKJIMP32,Gulf Coast (PADD 3) Imports of Kerosene-Type Jet Fuel (Thousand Barrels per Day),1,MBBL/D
1997-04,R30-Z00,PADD 3,EPJK,Kerosene-Type Jet Fuel,IM0,Imports,MKJIMP31,Gulf Coast (PADD 3) Imports of Kerosene-Type Jet Fuel (Thousand Barrels),19,MBBL
1997-04,R30-Z00,PADD 3,EPJK,Kerosene-Type Jet Fuel,IM0,Imports,MKJIMP32,Gulf Coast (PADD 3) Imports of Kerosene-Type Jet Fuel (Thousand Barrels per Day),1,MBBL/D
1997-05,R30-Z00,PADD 3,EPJK,Kerosene-Type Jet Fuel,IM0,Imports,MKJIMP31,Gulf Coast (PADD 3) Imports of Kerosene-Type Jet Fuel (Thousand Barrels),22,MBBL
1997-05,R30-Z00,PADD 3,EPJK,Kerosene-Type Jet Fuel,IM0,Imports,MKJIMP32,Gulf Coast (PADD 3) Imports of Kerosene-Type Jet Fuel (Thousand Barrels per Day),1,MBBL/D
1997-06,R30-Z00,PADD 3,EPJK,Kerosene-Type Jet Fuel,IM0,Imports,MKJIMP31,Gulf Coast (PADD 3) Imports of Kerosene-Type Jet Fuel (Thousand Barrels),22,MBBL
1997-06,R30-Z00,PADD 3,EPJK,Kerosene-Type Jet Fuel,IM0,Imports,MKJIMP32,Gulf Coast (PADD 3) Imports of Kerosene-Type Jet Fuel (Thousand Barrels per Day),1,MBBL/D
1997-07,R30-Z00,PADD 3,EPJK,Kerosene-Type Jet Fuel,IM0,Imports,MKJIMP31,Gulf Coast (PADD 3) Imports of Kerosene-Type Jet Fuel (Thousand Barrels),17,MBBL
1997-07,R30-Z00,PADD 3,EPJK,Kerosene-Type Jet Fuel,IM0,Imports,MKJIMP32,Gulf Coast (PADD 3) Imports of Kerosene-Type Jet Fuel (Thousand Barrels per Day),1,MBBL/D
1997-08,R30-Z00,PADD 3,EPJK,Kerosene-Type Jet Fuel,IM0,Imports,MKJIMP31,Gulf Coast (PADD 3) Imports of Kerosene-Type Jet Fuel (Thousand Barrels),11,MBBL
1997-08,R30-Z00,PADD 3,EPJK,Kerosene-Type Jet Fuel,IM0,Imports,MKJIMP32,Gulf Coast (PADD 3) Imports of Kerosene-Type Jet Fuel (Thousand Barrels per Day),0,MBBL/D
1997-09,R30-Z00,PADD 3,EPJK,Kerosene-Type Jet Fuel,IM0,Imports,MKJIMP31,Gulf Coast (PADD 3) Imports of Kerosene-Type Jet Fuel (Thousand Barrels),14,MBBL
1997-09,R30-Z00,PADD 3,EPJK,Kerosene-Type Jet Fuel,IM0,Imports,MKJIMP32,Gulf Coast (PADD 3) Imports of Kerosene-Type Jet Fuel (Thousand Barrels per Day),0,MBBL/D
1997-10,R30-Z00,PADD 3,EPJK,Kerosene-Type Jet Fuel,IM0,Imports,MKJIMP31,Gulf Coast (PADD 3) Imports of Kerosene-Type Jet Fuel (Thousand Barrels),17,MBBL
1997-10,R30-Z00,PADD 3,EPJK,Kerosene-Type Jet Fuel,IM0,Imports,MKJIMP32,Gulf Coast (PADD 3) Imports of Kerosene-Type Jet Fuel (Thousand Barrels per Day),1,MBBL/D
1997-11,R30-Z00,PADD 3,EPJK,Kerosene-Type Jet Fuel,IM0,Imports,MKJIMP31,Gulf Coast (PADD 3) Imports of Kerosene-Type Jet Fuel (Thousand Barrels),16,MBBL
1997-11,R30-Z00,PADD 3,EPJK,Kerosene-Type Jet Fuel,IM0,Imports,MKJIMP32,Gulf Coast (PADD 3) Imports of Kerosene-Type Jet Fuel (Thousand Barrels per Day),1,MBBL/D
1997-12,R30-Z00,PADD 3,EPJK,Kerosene-Type Jet Fuel,IM0,Imports,MKJIMP31,Gulf Coast (PADD 3) Imports of Kerosene-Type Jet Fuel (Thousand Barrels),7,MBBL
1997-12,R30-Z00,PADD 3,EPJK,Kerosene-Type Jet Fuel,IM0,Imports,MKJIMP32,Gulf Coast (PADD 3) Imports of Kerosene-Type Jet Fuel (Thousand Barrels per Day),0,MBBL/D
1998-01,R30-Z00,PADD 3,EPJK,Kerosene-Type Jet Fuel,IM0,Imports,MKJIMP31,Gulf Coast (PADD 3) Imports of Kerosene-Type Jet Fuel (Thousand Barrels),9,MBBL
1998-01,R30-Z00,PADD 3,EPJK,Kerosene-Type Jet Fuel,IM0,Imports,MKJIMP32,Gulf Coast (PADD 3) Imports of Kerosene-Type Jet Fuel (Thousand Barrels per Day),0,MBBL/D
1998-02,R30-Z00,PADD 3,EPJK,Kerosene-Type Jet Fuel,IM0,Imports,MKJIMP32,Gulf Coast (PADD 3) Imports of Kerosene-Type Jet Fuel (Thousand Barrels per Day),5,MBBL/D
1998-02,R30-Z00,PADD 3,EPJK,Kerosene-Type Jet Fuel,IM0,Imports,MKJIMP31,Gulf Coast (PADD 3) Imports of Kerosene-Type Jet Fuel (Thousand Barrels),126,MBBL
1998-03,R30-Z00,PADD 3,EPJK,Kerosene-Type Jet Fuel,IM0,Imports,MKJIMP32,Gulf Coast (PADD 3) Imports of Kerosene-Type Jet Fuel (Thousand Barrels per Day),0,MBBL/D
1998-03,R30-Z00,PADD 3,EPJK,Kerosene-Type Jet Fuel,IM0,Imports,MKJIMP31,Gulf Coast (PADD 3) Imports of Kerosene-Type Jet Fuel (Thousand Barrels),0,MBBL
1998-04,R30-Z00,PADD 3,EPJK,Kerosene-Type Jet Fuel,IM0,Imports,MKJIMP31,Gulf Coast (PADD 3) Imports of Kerosene-Type Jet Fuel (Thousand Barrels),0,MBBL
1998-04,R30-Z00,PADD 3,EPJK,Kerosene-Type Jet Fuel,IM0,Imports,MKJIMP32,Gulf Coast (PADD 3) Imports of Kerosene-Type Jet Fuel (Thousand Barrels per Day),0,MBBL/D
1998-05,R30-Z00,PADD 3,EPJK,Kerosene-Type Jet Fuel,IM0,Imports,MKJIMP31,Gulf Coast (PADD 3) Imports of Kerosene-Type Jet Fuel (Thousand Barrels),0,MBBL
1998-05,R30-Z00,PADD 3,EPJK,Kerosene-Type Jet Fuel,IM0,Imports,MKJIMP32,Gulf Coast (PADD 3) Imports of Kerosene-Type Jet Fuel (Thousand Barrels per Day),0,MBBL/D
1998-06,R30-Z00,PADD 3,EPJK,Kerosene-Type Jet Fuel,IM0,Imports,MKJIMP31,Gulf Coast (PADD 3) Imports of Kerosene-Type Jet Fuel (Thousand Barrels),0,MBBL
1998-06,R30-Z00,PADD 3,EPJK,Kerosene-Type Jet Fuel,IM0,Imports,MKJIMP32,Gulf Coast (PADD 3) Imports of Kerosene-Type Jet Fuel (Thousand Barrels per Day),0,MBBL/D
1998-07,R30-Z00,PADD 3,EPJK,Kerosene-Type Jet Fuel,IM0,Imports,MKJIMP31,Gulf Coast (PADD 3) Imports of Kerosene-Type Jet Fuel (Thousand Barrels),0,MBBL
1998-07,R30-Z00,PADD 3,EPJK,Kerosene-Type Jet Fuel,IM0,Imports,MKJIMP32,Gulf Coast (PADD 3) Imports of Kerosene-Type Jet Fuel (Thousand Barrels per Day),0,MBBL/D
1998-08,R30-Z00,PADD 3,EPJK,Kerosene-Type Jet Fuel,IM0,Imports,MKJIMP32,Gulf Coast (PADD 3) Imports of Kerosene-Type Jet Fuel (Thousand Barrels per Day),0,MBBL/D
1998-08,R30-Z00,PADD 3,EPJK,Kerosene-Type Jet Fuel,IM0,Imports,MKJIMP31,Gulf Coast (PADD 3) Imports of Kerosene-Type Jet Fuel (Thousand Barrels),0,MBBL
1998-09,R30-Z00,PADD 3,EPJK,Kerosene-Type Jet Fuel,IM0,Imports,MKJIMP31,Gulf Coast (PADD 3) Imports of Kerosene-Type Jet Fuel (Thousand Barrels),0,MBBL
1998-09,R30-Z00,PADD 3,EPJK,Kerosene-Type Jet Fuel,IM0,Imports,MKJIMP32,Gulf Coast (PADD 3) Imports of Kerosene-Type Jet Fuel (Thousand Barrels per Day),0,MBBL/D
1998-10,R30-Z00,PADD 3,EPJK,Kerosene-Type Jet Fuel,IM0,Imports,MKJIMP31,Gulf Coast (PADD 3) Imports of Kerosene-Type Jet Fuel (Thousand Barrels),0,MBBL
1998-10,R30-Z00,PADD 3,EPJK,Kerosene-Type Jet Fuel,IM0,Imports,MKJIMP32,Gulf Coast (PADD 3) Imports of Kerosene-Type Jet Fuel (Thousand Barrels per Day),0,MBBL/D
1998-11,R30-Z00,PADD 3,EPJK,Kerosene-Type Jet Fuel,IM0,Imports,MKJIMP31,Gulf Coast (PADD 3) Imports of Kerosene-Type Jet Fuel (Thousand Barrels),0,MBBL
1998-11,R30-Z00,PADD 3,EPJK,Kerosene-Type Jet Fuel,IM0,Imports,MKJIMP32,Gulf Coast (PADD 3) Imports of Kerosene-Type Jet Fuel (Thousand Barrels per Day),0,MBBL/D
1998-12,R30-Z00,PADD 3,EPJK,Kerosene-Type Jet Fuel,IM0,Imports,MKJIMP31,Gulf Coast (PADD 3) Imports of Kerosene-Type Jet Fuel (Thousand Barrels),0,MBBL
1998-12,R30-Z00,PADD 3,EPJK,Kerosene-Type Jet Fuel,IM0,Imports,MKJIMP32,Gulf Coast (PADD 3) Imports of Kerosene-Type Jet Fuel (Thousand Barrels per Day),0,MBBL/D
1999-01,R30-Z00,PADD 3,EPJK,Kerosene-Type Jet Fuel,IM0,Imports,MKJIMP31,Gulf Coast (PADD 3) Imports of Kerosene-Type Jet Fuel (Thousand Barrels),0,MBBL
1999-01,R30-Z00,PADD 3,EPJK,Kerosene-Type Jet Fuel,IM0,Imports,MKJIMP32,Gulf Coast (PADD 3) Imports of Kerosene-Type Jet Fuel (Thousand Barrels per Day),0,MBBL/D
1999-02,R30-Z00,PADD 3,EPJK,Kerosene-Type Jet Fuel,IM0,Imports,MKJIMP31,Gulf Coast (PADD 3) Imports of Kerosene-Type Jet Fuel (Thousand Barrels),2,MBBL
1999-02,R30-Z00,PADD 3,EPJK,Kerosene-Type Jet Fuel,IM0,Imports,MKJIMP32,Gulf Coast (PADD 3) Imports of Kerosene-Type Jet Fuel (Thousand Barrels per Day),0,MBBL/D
1999-03,R30-Z00,PADD 3,EPJK,Kerosene-Type Jet Fuel,IM0,Imports,MKJIMP31,Gulf Coast (PADD 3) Imports of Kerosene-Type Jet Fuel (Thousand Barrels),0,MBBL
1999-03,R30-Z00,PADD 3,EPJK,Kerosene-Type Jet Fuel,IM0,Imports,MKJIMP32,Gulf Coast (PADD 3) Imports of Kerosene-Type Jet Fuel (Thousand Barrels per Day),0,MBBL/D
1999-04,R30-Z00,PADD 3,EPJK,Kerosene-Type Jet Fuel,IM0,Imports,MKJIMP31,Gulf Coast (PADD 3) Imports of Kerosene-Type Jet Fuel (Thousand Barrels),0,MBBL
1999-04,R30-Z00,PADD 3,EPJK,Kerosene-Type Jet Fuel,IM0,Imports,MKJIMP32,Gulf Coast (PADD 3) Imports of Kerosene-Type Jet Fuel (Thousand Barrels per Day),0,MBBL/D
1999-05,R30-Z00,PADD 3,EPJK,Kerosene-Type Jet Fuel,IM0,Imports,MKJIMP31,Gulf Coast (PADD 3) Imports of Kerosene-Type Jet Fuel (Thousand Barrels),0,MBBL
1999-05,R30-Z00,PADD 3,EPJK,Kerosene-Type Jet Fuel,IM0,Imports,MKJIMP32,Gulf Coast (PADD 3) Imports of Kerosene-Type Jet Fuel (Thousand Barrels per Day),0,MBBL/D
1999-06,R30-Z00,PADD 3,EPJK,Kerosene-Type Jet Fuel,IM0,Imports,MKJIMP31,Gulf Coast (PADD 3) Imports of Kerosene-Type Jet Fuel (Thousand Barrels),0,MBBL
1999-06,R30-Z00,PADD 3,EPJK,Kerosene-Type Jet Fuel,IM0,Imports,MKJIMP32,Gulf Coast (PADD 3) Imports of Kerosene-Type Jet Fuel (Thousand Barrels per Day),0,MBBL/D
1999-07,R30-Z00,PADD 3,EPJK,Kerosene-Type Jet Fuel,IM0,Imports,MKJIMP31,Gulf Coast (PADD 3) Imports of Kerosene-Type Jet Fuel (Thousand Barrels),0,MBBL
1999-07,R30-Z00,PADD 3,EPJK,Kerosene-Type Jet Fuel,IM0,Imports,MKJIMP32,Gulf Coast (PADD 3) Imports of Kerosene-Type Jet Fuel (Thousand Barrels per Day),0,MBBL/D
1999-08,R30-Z00,PADD 3,EPJK,Kerosene-Type Jet Fuel,IM0,Imports,MKJIMP31,Gulf Coast (PADD 3) Imports of Kerosene-Type Jet Fuel (Thousand Barrels),0,MBBL
1999-08,R30-Z00,PADD 3,EPJK,Kerosene-Type Jet Fuel,IM0,Imports,MKJIMP32,Gulf Coast (PADD 3) Imports of Kerosene-Type Jet Fuel (Thousand Barrels per Day),0,MBBL/D
1999-09,R30-Z00,PADD 3,EPJK,Kerosene-Type Jet Fuel,IM0,Imports,MKJIMP31,Gulf Coast (PADD 3) Imports of Kerosene-Type Jet Fuel (Thousand Barrels),0,MBBL
1999-09,R30-Z00,PADD 3,EPJK,Kerosene-Type Jet Fuel,IM0,Imports,MKJIMP32,Gulf Coast (PADD 3) Imports of Kerosene-Type Jet Fuel (Thousand Barrels per Day),0,MBBL/D
1999-10,R30-Z00,PADD 3,EPJK,Kerosene-Type Jet Fuel,IM0,Imports,MKJIMP31,Gulf Coast (PADD 3) Imports of Kerosene-Type Jet Fuel (Thousand Barrels),0,MBBL
1999-10,R30-Z00,PADD 3,EPJK,Kerosene-Type Jet Fuel,IM0,Imports,MKJIMP32,Gulf Coast (PADD 3) Imports of Kerosene-Type Jet Fuel (Thousand Barrels per Day),0,MBBL/D
1999-11,R30-Z00,PADD 3,EPJK,Kerosene-Type Jet Fuel,IM0,Imports,MKJIMP31,Gulf Coast (PADD 3) Imports of Kerosene-Type Jet Fuel (Thousand Barrels),0,MBBL
1999-11,R30-Z00,PADD 3,EPJK,Kerosene-Type Jet Fuel,IM0,Imports,MKJIMP32,Gulf Coast (PADD 3) Imports of Kerosene-Type Jet Fuel (Thousand Barrels per Day),0,MBBL/D
1999-12,R30-Z00,PADD 3,EPJK,Kerosene-Type Jet Fuel,IM0,Imports,MKJIMP31,Gulf Coast (PADD 3) Imports of Kerosene-Type Jet Fuel (Thousand Barrels),0,MBBL
1999-12,R30-Z00,PADD 3,EPJK,Kerosene-Type Jet Fuel,IM0,Imports,MKJIMP32,Gulf Coast (PADD 3) Imports of Kerosene-Type Jet Fuel (Thousand Barrels per Day),0,MBBL/D
2000-01,R30-Z00,PADD 3,EPJK,Kerosene-Type Jet Fuel,IM0,Imports,MKJIMP31,Gulf Coast (PADD 3) Imports of Kerosene-Type Jet Fuel (Thousand Barrels),0,MBBL
2000-01,R30-Z00,PADD 3,EPJK,Kerosene-Type Jet Fuel,IM0,Imports,MKJIMP32,Gulf Coast (PADD 3) Imports of Kerosene-Type Jet Fuel (Thousand Barrels per Day),0,MBBL/D
2000-02,R30-Z00,PADD 3,EPJK,Kerosene-Type Jet Fuel,IM0,Imports,MKJIMP31,Gulf Coast (PADD 3) Imports of Kerosene-Type Jet Fuel (Thousand Barrels),0,MBBL
2000-02,R30-Z00,PADD 3,EPJK,Kerosene-Type Jet Fuel,IM0,Imports,MKJIMP32,Gulf Coast (PADD 3) Imports of Kerosene-Type Jet Fuel (Thousand Barrels per Day),0,MBBL/D
2000-03,R30-Z00,PADD 3,EPJK,Kerosene-Type Jet Fuel,IM0,Imports,MKJIMP31,Gulf Coast (PADD 3) Imports of Kerosene-Type Jet Fuel (Thousand Barrels),95,MBBL
2000-03,R30-Z00,PADD 3,EPJK,Kerosene-Type Jet Fuel,IM0,Imports,MKJIMP32,Gulf Coast (PADD 3) Imports of Kerosene-Type Jet Fuel (Thousand Barrels per Day),3,MBBL/D
2000-04,R30-Z00,PADD 3,EPJK,Kerosene-Type Jet Fuel,IM0,Imports,MKJIMP31,Gulf Coast (PADD 3) Imports of Kerosene-Type Jet Fuel (Thousand Barrels),0,MBBL
2000-04,R30-Z00,PADD 3,EPJK,Kerosene-Type Jet Fuel,IM0,Imports,MKJIMP32,Gulf Coast (PADD 3) Imports of Kerosene-Type Jet Fuel (Thousand Barrels per Day),0,MBBL/D
2000-05,R30-Z00,PADD 3,EPJK,Kerosene-Type Jet Fuel,IM0,Imports,MKJIMP31,Gulf Coast (PADD 3) Imports of Kerosene-Type Jet Fuel (Thousand Barrels),0,MBBL
2000-05,R30-Z00,PADD 3,EPJK,Kerosene-Type Jet Fuel,IM0,Imports,MKJIMP32,Gulf Coast (PADD 3) Imports of Kerosene-Type Jet Fuel (Thousand Barrels per Day),0,MBBL/D
2000-06,R30-Z00,PADD 3,EPJK,Kerosene-Type Jet Fuel,IM0,Imports,MKJIMP31,Gulf Coast (PADD 3) Imports of Kerosene-Type Jet Fuel (Thousand Barrels),0,MBBL
2000-06,R30-Z00,PADD 3,EPJK,Kerosene-Type Jet Fuel,IM0,Imports,MKJIMP32,Gulf Coast (PADD 3) Imports of Kerosene-Type Jet Fuel (Thousand Barrels per Day),0,MBBL/D
2000-07,R30-Z00,PADD 3,EPJK,Kerosene-Type Jet Fuel,IM0,Imports,MKJIMP31,Gulf Coast (PADD 3) Imports of Kerosene-Type Jet Fuel (Thousand Barrels),0,MBBL
2000-07,R30-Z00,PADD 3,EPJK,Kerosene-Type Jet Fuel,IM0,Imports,MKJIMP32,Gulf Coast (PADD 3) Imports of Kerosene-Type Jet Fuel (Thousand Barrels per Day),0,MBBL/D
2000-08,R30-Z00,PADD 3,EPJK,Kerosene-Type Jet Fuel,IM0,Imports,MKJIMP31,Gulf Coast (PADD 3) Imports of Kerosene-Type Jet Fuel (Thousand Barrels),0,MBBL
2000-08,R30-Z00,PADD 3,EPJK,Kerosene-Type Jet Fuel,IM0,Imports,MKJIMP32,Gulf Coast (PADD 3) Imports of Kerosene-Type Jet Fuel (Thousand Barrels per Day),0,MBBL/D
2000-09,R30-Z00,PADD 3,EPJK,Kerosene-Type Jet Fuel,IM0,Imports,MKJIMP31,Gulf Coast (PADD 3) Imports of Kerosene-Type Jet Fuel (Thousand Barrels),0,MBBL
2000-09,R30-Z00,PADD 3,EPJK,Kerosene-Type Jet Fuel,IM0,Imports,MKJIMP32,Gulf Coast (PADD 3) Imports of Kerosene-Type Jet Fuel (Thousand Barrels per Day),0,MBBL/D
2000-10,R30-Z00,PADD 3,EPJK,Kerosene-Type Jet Fuel,IM0,Imports,MKJIMP31,Gulf Coast (PADD 3) Imports of Kerosene-Type Jet Fuel (Thousand Barrels),0,MBBL
2000-10,R30-Z00,PADD 3,EPJK,Kerosene-Type Jet Fuel,IM0,Imports,MKJIMP32,Gulf Coast (PADD 3) Imports of Kerosene-Type Jet Fuel (Thousand Barrels per Day),0,MBBL/D
2000-11,R30-Z00,PADD 3,EPJK,Kerosene-Type Jet Fuel,IM0,Imports,MKJIMP31,Gulf Coast (PADD 3) Imports of Kerosene-Type Jet Fuel (Thousand Barrels),0,MBBL
2000-11,R30-Z00,PADD 3,EPJK,Kerosene-Type Jet Fuel,IM0,Imports,MKJIMP32,Gulf Coast (PADD 3) Imports of Kerosene-Type Jet Fuel (Thousand Barrels per Day),0,MBBL/D
2000-12,R30-Z00,PADD 3,EPJK,Kerosene-Type Jet Fuel,IM0,Imports,MKJIMP31,Gulf Coast (PADD 3) Imports of Kerosene-Type Jet Fuel (Thousand Barrels),0,MBBL
2000-12,R30-Z00,PADD 3,EPJK,Kerosene-Type Jet Fuel,IM0,Imports,MKJIMP32,Gulf Coast (PADD 3) Imports of Kerosene-Type Jet Fuel (Thousand Barrels per Day),0,MBBL/D
2001-01,R30-Z00,PADD 3,EPJK,Kerosene-Type Jet Fuel,IM0,Imports,MKJIMP31,Gulf Coast (PADD 3) Imports of Kerosene-Type Jet Fuel (Thousand Barrels),211,MBBL
2001-01,R30-Z00,PADD 3,EPJK,Kerosene-Type Jet Fuel,IM0,Imports,MKJIMP32,Gulf Coast (PADD 3) Imports of Kerosene-Type Jet Fuel (Thousand Barrels per Day),7,MBBL/D
2001-02,R30-Z00,PADD 3,EPJK,Kerosene-Type Jet Fuel,IM0,Imports,MKJIMP31,Gulf Coast (PADD 3) Imports of Kerosene-Type Jet Fuel (Thousand Barrels),0,MBBL
2001-02,R30-Z00,PADD 3,EPJK,Kerosene-Type Jet Fuel,IM0,Imports,MKJIMP32,Gulf Coast (PADD 3) Imports of Kerosene-Type Jet Fuel (Thousand Barrels per Day),0,MBBL/D
2001-03,R30-Z00,PADD 3,EPJK,Kerosene-Type Jet Fuel,IM0,Imports,MKJIMP31,Gulf Coast (PADD 3) Imports of Kerosene-Type Jet Fuel (Thousand Barrels),0,MBBL
2001-03,R30-Z00,PADD 3,EPJK,Kerosene-Type Jet Fuel,IM0,Imports,MKJIMP32,Gulf Coast (PADD 3) Imports of Kerosene-Type Jet Fuel (Thousand Barrels per Day),0,MBBL/D
2001-04,R30-Z00,PADD 3,EPJK,Kerosene-Type Jet Fuel,IM0,Imports,MKJIMP31,Gulf Coast (PADD 3) Imports of Kerosene-Type Jet Fuel (Thousand Barrels),0,MBBL
2001-04,R30-Z00,PADD 3,EPJK,Kerosene-Type Jet Fuel,IM0,Imports,MKJIMP32,Gulf Coast (PADD 3) Imports of Kerosene-Type Jet Fuel (Thousand Barrels per Day),0,MBBL/D
2001-05,R30-Z00,PADD 3,EPJK,Kerosene-Type Jet Fuel,IM0,Imports,MKJIMP31,Gulf Coast (PADD 3) Imports of Kerosene-Type Jet Fuel (Thousand Barrels),0,MBBL
2001-05,R30-Z00,PADD 3,EPJK,Kerosene-Type Jet Fuel,IM0,Imports,MKJIMP32,Gulf Coast (PADD 3) Imports of Kerosene-Type Jet Fuel (Thousand Barrels per Day),0,MBBL/D
2001-06,R30-Z00,PADD 3,EPJK,Kerosene-Type Jet Fuel,IM0,Imports,MKJIMP31,Gulf Coast (PADD 3) Imports of Kerosene-Type Jet Fuel (Thousand Barrels),0,MBBL
2001-06,R30-Z00,PADD 3,EPJK,Kerosene-Type Jet Fuel,IM0,Imports,MKJIMP32,Gulf Coast (PADD 3) Imports of Kerosene-Type Jet Fuel (Thousand Barrels per Day),0,MBBL/D
2001-07,R30-Z00,PADD 3,EPJK,Kerosene-Type Jet Fuel,IM0,Imports,MKJIMP31,Gulf Coast (PADD 3) Imports of Kerosene-Type Jet Fuel (Thousand Barrels),0,MBBL
2001-07,R30-Z00,PADD 3,EPJK,Kerosene-Type Jet Fuel,IM0,Imports,MKJIMP32,Gulf Coast (PADD 3) Imports of Kerosene-Type Jet Fuel (Thousand Barrels per Day),0,MBBL/D
2001-08,R30-Z00,PADD 3,EPJK,Kerosene-Type Jet Fuel,IM0,Imports,MKJIMP31,Gulf Coast (PADD 3) Imports of Kerosene-Type Jet Fuel (Thousand Barrels),0,MBBL
2001-08,R30-Z00,PADD 3,EPJK,Kerosene-Type Jet Fuel,IM0,Imports,MKJIMP32,Gulf Coast (PADD 3) Imports of Kerosene-Type Jet Fuel (Thousand Barrels per Day),0,MBBL/D
2001-09,R30-Z00,PADD 3,EPJK,Kerosene-Type Jet Fuel,IM0,Imports,MKJIMP31,Gulf Coast (PADD 3) Imports of Kerosene-Type Jet Fuel (Thousand Barrels),0,MBBL
2001-09,R30-Z00,PADD 3,EPJK,Kerosene-Type Jet Fuel,IM0,Imports,MKJIMP32,Gulf Coast (PADD 3) Imports of Kerosene-Type Jet Fuel (Thousand Barrels per Day),0,MBBL/D
2001-10,R30-Z00,PADD 3,EPJK,Kerosene-Type Jet Fuel,IM0,Imports,MKJIMP31,Gulf Coast (PADD 3) Imports of Kerosene-Type Jet Fuel (Thousand Barrels),0,MBBL
2001-10,R30-Z00,PADD 3,EPJK,Kerosene-Type Jet Fuel,IM0,Imports,MKJIMP32,Gulf Coast (PADD 3) Imports of Kerosene-Type Jet Fuel (Thousand Barrels per Day),0,MBBL/D
2001-11,R30-Z00,PADD 3,EPJK,Kerosene-Type Jet Fuel,IM0,Imports,MKJIMP31,Gulf Coast (PADD 3) Imports of Kerosene-Type Jet Fuel (Thousand Barrels),0,MBBL
2001-11,R30-Z00,PADD 3,EPJK,Kerosene-Type Jet Fuel,IM0,Imports,MKJIMP32,Gulf Coast (PADD 3) Imports of Kerosene-Type Jet Fuel (Thousand Barrels per Day),0,MBBL/D
2001-12,R30-Z00,PADD 3,EPJK,Kerosene-Type Jet Fuel,IM0,Imports,MKJIMP31,Gulf Coast (PADD 3) Imports of Kerosene-Type Jet Fuel (Thousand Barrels),0,MBBL
2001-12,R30-Z00,PADD 3,EPJK,Kerosene-Type Jet Fuel,IM0,Imports,MKJIMP32,Gulf Coast (PADD 3) Imports of Kerosene-Type Jet Fuel (Thousand Barrels per Day),0,MBBL/D
2002-01,R30-Z00,PADD 3,EPJK,Kerosene-Type Jet Fuel,IM0,Imports,MKJIMP32,Gulf Coast (PADD 3) Imports of Kerosene-Type Jet Fuel (Thousand Barrels per Day),0,MBBL/D
2002-01,R30-Z00,PADD 3,EPJK,Kerosene-Type Jet Fuel,IM0,Imports,MKJIMP31,Gulf Coast (PADD 3) Imports of Kerosene-Type Jet Fuel (Thousand Barrels),0,MBBL
2002-02,R30-Z00,PADD 3,EPJK,Kerosene-Type Jet Fuel,IM0,Imports,MKJIMP32,Gulf Coast (PADD 3) Imports of Kerosene-Type Jet Fuel (Thousand Barrels per Day),0,MBBL/D
2002-02,R30-Z00,PADD 3,EPJK,Kerosene-Type Jet Fuel,IM0,Imports,MKJIMP31,Gulf Coast (PADD 3) Imports of Kerosene-Type Jet Fuel (Thousand Barrels),0,MBBL
2002-03,R30-Z00,PADD 3,EPJK,Kerosene-Type Jet Fuel,IM0,Imports,MKJIMP31,Gulf Coast (PADD 3) Imports of Kerosene-Type Jet Fuel (Thousand Barrels),0,MBBL
2002-03,R30-Z00,PADD 3,EPJK,Kerosene-Type Jet Fuel,IM0,Imports,MKJIMP32,Gulf Coast (PADD 3) Imports of Kerosene-Type Jet Fuel (Thousand Barrels per Day),0,MBBL/D
2002-04,R30-Z00,PADD 3,EPJK,Kerosene-Type Jet Fuel,IM0,Imports,MKJIMP32,Gulf Coast (PADD 3) Imports of Kerosene-Type Jet Fuel (Thousand Barrels per Day),0,MBBL/D
2002-04,R30-Z00,PADD 3,EPJK,Kerosene-Type Jet Fuel,IM0,Imports,MKJIMP31,Gulf Coast (PADD 3) Imports of Kerosene-Type Jet Fuel (Thousand Barrels),0,MBBL
2002-05,R30-Z00,PADD 3,EPJK,Kerosene-Type Jet Fuel,IM0,Imports,MKJIMP32,Gulf Coast (PADD 3) Imports of Kerosene-Type Jet Fuel (Thousand Barrels per Day),0,MBBL/D
2002-05,R30-Z00,PADD 3,EPJK,Kerosene-Type Jet Fuel,IM0,Imports,MKJIMP31,Gulf Coast (PADD 3) Imports of Kerosene-Type Jet Fuel (Thousand Barrels),0,MBBL
2002-06,R30-Z00,PADD 3,EPJK,Kerosene-Type Jet Fuel,IM0,Imports,MKJIMP31,Gulf Coast (PADD 3) Imports of Kerosene-Type Jet Fuel (Thousand Barrels),0,MBBL
2002-06,R30-Z00,PADD 3,EPJK,Kerosene-Type Jet Fuel,IM0,Imports,MKJIMP32,Gulf Coast (PADD 3) Imports of Kerosene-Type Jet Fuel (Thousand Barrels per Day),0,MBBL/D
2002-07,R30-Z00,PADD 3,EPJK,Kerosene-Type Jet Fuel,IM0,Imports,MKJIMP31,Gulf Coast (PADD 3) Imports of Kerosene-Type Jet Fuel (Thousand Barrels),0,MBBL
2002-07,R30-Z00,PADD 3,EPJK,Kerosene-Type Jet Fuel,IM0,Imports,MKJIMP32,Gulf Coast (PADD 3) Imports of Kerosene-Type Jet Fuel (Thousand Barrels per Day),0,MBBL/D
2002-08,R30-Z00,PADD 3,EPJK,Kerosene-Type Jet Fuel,IM0,Imports,MKJIMP31,Gulf Coast (PADD 3) Imports of Kerosene-Type Jet Fuel (Thousand Barrels),0,MBBL
2002-08,R30-Z00,PADD 3,EPJK,Kerosene-Type Jet Fuel,IM0,Imports,MKJIMP32,Gulf Coast (PADD 3) Imports of Kerosene-Type Jet Fuel (Thousand Barrels per Day),0,MBBL/D
2002-09,R30-Z00,PADD 3,EPJK,Kerosene-Type Jet Fuel,IM0,Imports,MKJIMP32,Gulf Coast (PADD 3) Imports of Kerosene-Type Jet Fuel (Thousand Barrels per Day),0,MBBL/D
2002-09,R30-Z00,PADD 3,EPJK,Kerosene-Type Jet Fuel,IM0,Imports,MKJIMP31,Gulf Coast (PADD 3) Imports of Kerosene-Type Jet Fuel (Thousand Barrels),0,MBBL
2002-10,R30-Z00,PADD 3,EPJK,Kerosene-Type Jet Fuel,IM0,Imports,MKJIMP32,Gulf Coast (PADD 3) Imports of Kerosene-Type Jet Fuel (Thousand Barrels per Day),0,MBBL/D
2002-10,R30-Z00,PADD 3,EPJK,Kerosene-Type Jet Fuel,IM0,Imports,MKJIMP31,Gulf Coast (PADD 3) Imports of Kerosene-Type Jet Fuel (Thousand Barrels),0,MBBL
2002-11,R30-Z00,PADD 3,EPJK,Kerosene-Type Jet Fuel,IM0,Imports,MKJIMP32,Gulf Coast (PADD 3) Imports of Kerosene-Type Jet Fuel (Thousand Barrels per Day),5,MBBL/D
2002-11,R30-Z00,PADD 3,EPJK,Kerosene-Type Jet Fuel,IM0,Imports,MKJIMP31,Gulf Coast (PADD 3) Imports of Kerosene-Type Jet Fuel (Thousand Barrels),159,MBBL
2002-12,R30-Z00,PADD 3,EPJK,Kerosene-Type Jet Fuel,IM0,Imports,MKJIMP31,Gulf Coast (PADD 3) Imports of Kerosene-Type Jet Fuel (Thousand Barrels),0,MBBL
2002-12,R30-Z00,PADD 3,EPJK,Kerosene-Type Jet Fuel,IM0,Imports,MKJIMP32,Gulf Coast (PADD 3) Imports of Kerosene-Type Jet Fuel (Thousand Barrels per Day),0,MBBL/D
2003-01,R30-Z00,PADD 3,EPJK,Kerosene-Type Jet Fuel,IM0,Imports,MKJIMP31,Gulf Coast (PADD 3) Imports of Kerosene-Type Jet Fuel (Thousand Barrels),0,MBBL
2003-01,R30-Z00,PADD 3,EPJK,Kerosene-Type Jet Fuel,IM0,Imports,MKJIMP32,Gulf Coast (PADD 3) Imports of Kerosene-Type Jet Fuel (Thousand Barrels per Day),0,MBBL/D
2003-02,R30-Z00,PADD 3,EPJK,Kerosene-Type Jet Fuel,IM0,Imports,MKJIMP31,Gulf Coast (PADD 3) Imports of Kerosene-Type Jet Fuel (Thousand Barrels),0,MBBL
2003-02,R30-Z00,PADD 3,EPJK,Kerosene-Type Jet Fuel,IM0,Imports,MKJIMP32,Gulf Coast (PADD 3) Imports of Kerosene-Type Jet Fuel (Thousand Barrels per Day),0,MBBL/D
2003-03,R30-Z00,PADD 3,EPJK,Kerosene-Type Jet Fuel,IM0,Imports,MKJIMP31,Gulf Coast (PADD 3) Imports of Kerosene-Type Jet Fuel (Thousand Barrels),0,MBBL
2003-03,R30-Z00,PADD 3,EPJK,Kerosene-Type Jet Fuel,IM0,Imports,MKJIMP32,Gulf Coast (PADD 3) Imports of Kerosene-Type Jet Fuel (Thousand Barrels per Day),0,MBBL/D
2003-04,R30-Z00,PADD 3,EPJK,Kerosene-Type Jet Fuel,IM0,Imports,MKJIMP31,Gulf Coast (PADD 3) Imports of Kerosene-Type Jet Fuel (Thousand Barrels),253,MBBL
2003-04,R30-Z00,PADD 3,EPJK,Kerosene-Type Jet Fuel,IM0,Imports,MKJIMP32,Gulf Coast (PADD 3) Imports of Kerosene-Type Jet Fuel (Thousand Barrels per Day),8,MBBL/D
2003-05,R30-Z00,PADD 3,EPJK,Kerosene-Type Jet Fuel,IM0,Imports,MKJIMP31,Gulf Coast (PADD 3) Imports of Kerosene-Type Jet Fuel (Thousand Barrels),0,MBBL
2003-05,R30-Z00,PADD 3,EPJK,Kerosene-Type Jet Fuel,IM0,Imports,MKJIMP32,Gulf Coast (PADD 3) Imports of Kerosene-Type Jet Fuel (Thousand Barrels per Day),0,MBBL/D
2003-06,R30-Z00,PADD 3,EPJK,Kerosene-Type Jet Fuel,IM0,Imports,MKJIMP31,Gulf Coast (PADD 3) Imports of Kerosene-Type Jet Fuel (Thousand Barrels),0,MBBL
2003-06,R30-Z00,PADD 3,EPJK,Kerosene-Type Jet Fuel,IM0,Imports,MKJIMP32,Gulf Coast (PADD 3) Imports of Kerosene-Type Jet Fuel (Thousand Barrels per Day),0,MBBL/D
2003-07,R30-Z00,PADD 3,EPJK,Kerosene-Type Jet Fuel,IM0,Imports,MKJIMP31,Gulf Coast (PADD 3) Imports of Kerosene-Type Jet Fuel (Thousand Barrels),16,MBBL
2003-07,R30-Z00,PADD 3,EPJK,Kerosene-Type Jet Fuel,IM0,Imports,MKJIMP32,Gulf Coast (PADD 3) Imports of Kerosene-Type Jet Fuel (Thousand Barrels per Day),1,MBBL/D
2003-08,R30-Z00,PADD 3,EPJK,Kerosene-Type Jet Fuel,IM0,Imports,MKJIMP31,Gulf Coast (PADD 3) Imports of Kerosene-Type Jet Fuel (Thousand Barrels),14,MBBL
2003-08,R30-Z00,PADD 3,EPJK,Kerosene-Type Jet Fuel,IM0,Imports,MKJIMP32,Gulf Coast (PADD 3) Imports of Kerosene-Type Jet Fuel (Thousand Barrels per Day),0,MBBL/D
2003-09,R30-Z00,PADD 3,EPJK,Kerosene-Type Jet Fuel,IM0,Imports,MKJIMP31,Gulf Coast (PADD 3) Imports of Kerosene-Type Jet Fuel (Thousand Barrels),8,MBBL
2003-09,R30-Z00,PADD 3,EPJK,Kerosene-Type Jet Fuel,IM0,Imports,MKJIMP32,Gulf Coast (PADD 3) Imports of Kerosene-Type Jet Fuel (Thousand Barrels per Day),0,MBBL/D
2003-10,R30-Z00,PADD 3,EPJK,Kerosene-Type Jet Fuel,IM0,Imports,MKJIMP31,Gulf Coast (PADD 3) Imports of Kerosene-Type Jet Fuel (Thousand Barrels),10,MBBL
2003-10,R30-Z00,PADD 3,EPJK,Kerosene-Type Jet Fuel,IM0,Imports,MKJIMP32,Gulf Coast (PADD 3) Imports of Kerosene-Type Jet Fuel (Thousand Barrels per Day),0,MBBL/D
2003-11,R30-Z00,PADD 3,EPJK,Kerosene-Type Jet Fuel,IM0,Imports,MKJIMP31,Gulf Coast (PADD 3) Imports of Kerosene-Type Jet Fuel (Thousand Barrels),27,MBBL
2003-11,R30-Z00,PADD 3,EPJK,Kerosene-Type Jet Fuel,IM0,Imports,MKJIMP32,Gulf Coast (PADD 3) Imports of Kerosene-Type Jet Fuel (Thousand Barrels per Day),1,MBBL/D
2003-12,R30-Z00,PADD 3,EPJK,Kerosene-Type Jet Fuel,IM0,Imports,MKJIMP31,Gulf Coast (PADD 3) Imports of Kerosene-Type Jet Fuel (Thousand Barrels),15,MBBL
2003-12,R30-Z00,PADD 3,EPJK,Kerosene-Type Jet Fuel,IM0,Imports,MKJIMP32,Gulf Coast (PADD 3) Imports of Kerosene-Type Jet Fuel (Thousand Barrels per Day),0,MBBL/D
2004-02,R30-Z00,PADD 3,EPJK,Kerosene-Type Jet Fuel,IM0,Imports,MKJIMP31,Gulf Coast (PADD 3) Imports of Kerosene-Type Jet Fuel (Thousand Barrels),18,MBBL
2004-02,R30-Z00,PADD 3,EPJK,Kerosene-Type Jet Fuel,IM0,Imports,MKJIMP32,Gulf Coast (PADD 3) Imports of Kerosene-Type Jet Fuel (Thousand Barrels per Day),1,MBBL/D
2004-03,R30-Z00,PADD 3,EPJK,Kerosene-Type Jet Fuel,IM0,Imports,MKJIMP31,Gulf Coast (PADD 3) Imports of Kerosene-Type Jet Fuel (Thousand Barrels),20,MBBL
2004-03,R30-Z00,PADD 3,EPJK,Kerosene-Type Jet Fuel,IM0,Imports,MKJIMP32,Gulf Coast (PADD 3) Imports of Kerosene-Type Jet Fuel (Thousand Barrels per Day),1,MBBL/D
2004-04,R30-Z00,PADD 3,EPJK,Kerosene-Type Jet Fuel,IM0,Imports,MKJIMP31,Gulf Coast (PADD 3) Imports of Kerosene-Type Jet Fuel (Thousand Barrels),17,MBBL
2004-04,R30-Z00,PADD 3,EPJK,Kerosene-Type Jet Fuel,IM0,Imports,MKJIMP32,Gulf Coast (PADD 3) Imports of Kerosene-Type Jet Fuel (Thousand Barrels per Day),1,MBBL/D
2004-05,R30-Z00,PADD 3,EPJK,Kerosene-Type Jet Fuel,IM0,Imports,MKJIMP31,Gulf Coast (PADD 3) Imports of Kerosene-Type Jet Fuel (Thousand Barrels),15,MBBL
2004-05,R30-Z00,PADD 3,EPJK,Kerosene-Type Jet Fuel,IM0,Imports,MKJIMP32,Gulf Coast (PADD 3) Imports of Kerosene-Type Jet Fuel (Thousand Barrels per Day),0,MBBL/D
2004-06,R30-Z00,PADD 3,EPJK,Kerosene-Type Jet Fuel,IM0,Imports,MKJIMP31,Gulf Coast (PADD 3) Imports of Kerosene-Type Jet Fuel (Thousand Barrels),28,MBBL
2004-06,R30-Z00,PADD 3,EPJK,Kerosene-Type Jet Fuel,IM0,Imports,MKJIMP32,Gulf Coast (PADD 3) Imports of Kerosene-Type Jet Fuel (Thousand Barrels per Day),1,MBBL/D
2004-07,R30-Z00,PADD 3,EPJK,Kerosene-Type Jet Fuel,IM0,Imports,MKJIMP31,Gulf Coast (PADD 3) Imports of Kerosene-Type Jet Fuel (Thousand Barrels),19,MBBL
2004-07,R30-Z00,PADD 3,EPJK,Kerosene-Type Jet Fuel,IM0,Imports,MKJIMP32,Gulf Coast (PADD 3) Imports of Kerosene-Type Jet Fuel (Thousand Barrels per Day),1,MBBL/D
2004-08,R30-Z00,PADD 3,EPJK,Kerosene-Type Jet Fuel,IM0,Imports,MKJIMP31,Gulf Coast (PADD 3) Imports of Kerosene-Type Jet Fuel (Thousand Barrels),15,MBBL
2004-08,R30-Z00,PADD 3,EPJK,Kerosene-Type Jet Fuel,IM0,Imports,MKJIMP32,Gulf Coast (PADD 3) Imports of Kerosene-Type Jet Fuel (Thousand Barrels per Day),0,MBBL/D
2004-09,R30-Z00,PADD 3,EPJK,Kerosene-Type Jet Fuel,IM0,Imports,MKJIMP31,Gulf Coast (PADD 3) Imports of Kerosene-Type Jet Fuel (Thousand Barrels),17,MBBL
2004-09,R30-Z00,PADD 3,EPJK,Kerosene-Type Jet Fuel,IM0,Imports,MKJIMP32,Gulf Coast (PADD 3) Imports of Kerosene-Type Jet Fuel (Thousand Barrels per Day),1,MBBL/D
2004-10,R30-Z00,PADD 3,EPJK,Kerosene-Type Jet Fuel,IM0,Imports,MKJIMP31,Gulf Coast (PADD 3) Imports of Kerosene-Type Jet Fuel (Thousand Barrels),20,MBBL
2004-10,R30-Z00,PADD 3,EPJK,Kerosene-Type Jet Fuel,IM0,Imports,MKJIMP32,Gulf Coast (PADD 3) Imports of Kerosene-Type Jet Fuel (Thousand Barrels per Day),1,MBBL/D
2004-11,R30-Z00,PADD 3,EPJK,Kerosene-Type Jet Fuel,IM0,Imports,MKJIMP31,Gulf Coast (PADD 3) Imports of Kerosene-Type Jet Fuel (Thousand Barrels),16,MBBL
2004-11,R30-Z00,PADD 3,EPJK,Kerosene-Type Jet Fuel,IM0,Imports,MKJIMP32,Gulf Coast (PADD 3) Imports of Kerosene-Type Jet Fuel (Thousand Barrels per Day),1,MBBL/D
2004-12,R30-Z00,PADD 3,EPJK,Kerosene-Type Jet Fuel,IM0,Imports,MKJIMP31,Gulf Coast (PADD 3) Imports of Kerosene-Type Jet Fuel (Thousand Barrels),20,MBBL
2004-12,R30-Z00,PADD 3,EPJK,Kerosene-Type Jet Fuel,IM0,Imports,MKJIMP32,Gulf Coast (PADD 3) Imports of Kerosene-Type Jet Fuel (Thousand Barrels per Day),1,MBBL/D
2005-01,R30-Z00,PADD 3,EPJK,Kerosene-Type Jet Fuel,IM0,Imports,MKJIMP32,Gulf Coast (PADD 3) Imports of Kerosene-Type Jet Fuel (Thousand Barrels per Day),1,MBBL/D
2005-01,R30-Z00,PADD 3,EPJK,Kerosene-Type Jet Fuel,IM0,Imports,MKJIMP31,Gulf Coast (PADD 3) Imports of Kerosene-Type Jet Fuel (Thousand Barrels),17,MBBL
2005-02,R30-Z00,PADD 3,EPJK,Kerosene-Type Jet Fuel,IM0,Imports,MKJIMP31,Gulf Coast (PADD 3) Imports of Kerosene-Type Jet Fuel (Thousand Barrels),17,MBBL
2005-02,R30-Z00,PADD 3,EPJK,Kerosene-Type Jet Fuel,IM0,Imports,MKJIMP32,Gulf Coast (PADD 3) Imports of Kerosene-Type Jet Fuel (Thousand Barrels per Day),1,MBBL/D
2005-03,R30-Z00,PADD 3,EPJK,Kerosene-Type Jet Fuel,IM0,Imports,MKJIMP31,Gulf Coast (PADD 3) Imports of Kerosene-Type Jet Fuel (Thousand Barrels),54,MBBL
2005-03,R30-Z00,PADD 3,EPJK,Kerosene-Type Jet Fuel,IM0,Imports,MKJIMP32,Gulf Coast (PADD 3) Imports of Kerosene-Type Jet Fuel (Thousand Barrels per Day),2,MBBL/D
2005-04,R30-Z00,PADD 3,EPJK,Kerosene-Type Jet Fuel,IM0,Imports,MKJIMP31,Gulf Coast (PADD 3) Imports of Kerosene-Type Jet Fuel (Thousand Barrels),19,MBBL
2005-04,R30-Z00,PADD 3,EPJK,Kerosene-Type Jet Fuel,IM0,Imports,MKJIMP32,Gulf Coast (PADD 3) Imports of Kerosene-Type Jet Fuel (Thousand Barrels per Day),1,MBBL/D
2005-05,R30-Z00,PADD 3,EPJK,Kerosene-Type Jet Fuel,IM0,Imports,MKJIMP32,Gulf Coast (PADD 3) Imports of Kerosene-Type Jet Fuel (Thousand Barrels per Day),1,MBBL/D
2005-05,R30-Z00,PADD 3,EPJK,Kerosene-Type Jet Fuel,IM0,Imports,MKJIMP31,Gulf Coast (PADD 3) Imports of Kerosene-Type Jet Fuel (Thousand Barrels),16,MBBL
2005-06,R30-Z00,PADD 3,EPJK,Kerosene-Type Jet Fuel,IM0,Imports,MKJIMP31,Gulf Coast (PADD 3) Imports of Kerosene-Type Jet Fuel (Thousand Barrels),18,MBBL
2005-06,R30-Z00,PADD 3,EPJK,Kerosene-Type Jet Fuel,IM0,Imports,MKJIMP32,Gulf Coast (PADD 3) Imports of Kerosene-Type Jet Fuel (Thousand Barrels per Day),1,MBBL/D
2005-07,R30-Z00,PADD 3,EPJK,Kerosene-Type Jet Fuel,IM0,Imports,MKJIMP31,Gulf Coast (PADD 3) Imports of Kerosene-Type Jet Fuel (Thousand Barrels),20,MBBL
2005-07,R30-Z00,PADD 3,EPJK,Kerosene-Type Jet Fuel,IM0,Imports,MKJIMP32,Gulf Coast (PADD 3) Imports of Kerosene-Type Jet Fuel (Thousand Barrels per Day),1,MBBL/D
2005-08,R30-Z00,PADD 3,EPJK,Kerosene-Type Jet Fuel,IM0,Imports,MKJIMP31,Gulf Coast (PADD 3) Imports of Kerosene-Type Jet Fuel (Thousand Barrels),24,MBBL
2005-08,R30-Z00,PADD 3,EPJK,Kerosene-Type Jet Fuel,IM0,Imports,MKJIMP32,Gulf Coast (PADD 3) Imports of Kerosene-Type Jet Fuel (Thousand Barrels per Day),1,MBBL/D
2005-09,R30-Z00,PADD 3,EPJK,Kerosene-Type Jet Fuel,IM0,Imports,MKJIMP31,Gulf Coast (PADD 3) Imports of Kerosene-Type Jet Fuel (Thousand Barrels),472,MBBL
2005-09,R30-Z00,PADD 3,EPJK,Kerosene-Type Jet Fuel,IM0,Imports,MKJIMP32,Gulf Coast (PADD 3) Imports of Kerosene-Type Jet Fuel (Thousand Barrels per Day),16,MBBL/D
2005-10,R30-Z00,PADD 3,EPJK,Kerosene-Type Jet Fuel,IM0,Imports,MKJIMP31,Gulf Coast (PADD 3) Imports of Kerosene-Type Jet Fuel (Thousand Barrels),3273,MBBL
2005-10,R30-Z00,PADD 3,EPJK,Kerosene-Type Jet Fuel,IM0,Imports,MKJIMP32,Gulf Coast (PADD 3) Imports of Kerosene-Type Jet Fuel (Thousand Barrels per Day),106,MBBL/D
2005-11,R30-Z00,PADD 3,EPJK,Kerosene-Type Jet Fuel,IM0,Imports,MKJIMP31,Gulf Coast (PADD 3) Imports of Kerosene-Type Jet Fuel (Thousand Barrels),1332,MBBL
2005-11,R30-Z00,PADD 3,EPJK,Kerosene-Type Jet Fuel,IM0,Imports,MKJIMP32,Gulf Coast (PADD 3) Imports of Kerosene-Type Jet Fuel (Thousand Barrels per Day),44,MBBL/D
2005-12,R30-Z00,PADD 3,EPJK,Kerosene-Type Jet Fuel,IM0,Imports,MKJIMP31,Gulf Coast (PADD 3) Imports of Kerosene-Type Jet Fuel (Thousand Barrels),826,MBBL
2005-12,R30-Z00,PADD 3,EPJK,Kerosene-Type Jet Fuel,IM0,Imports,MKJIMP32,Gulf Coast (PADD 3) Imports of Kerosene-Type Jet Fuel (Thousand Barrels per Day),27,MBBL/D
2006-01,R30-Z00,PADD 3,EPJK,Kerosene-Type Jet Fuel,IM0,Imports,MKJIMP31,Gulf Coast (PADD 3) Imports of Kerosene-Type Jet Fuel (Thousand Barrels),92,MBBL
2006-01,R30-Z00,PADD 3,EPJK,Kerosene-Type Jet Fuel,IM0,Imports,MKJIMP32,Gulf Coast (PADD 3) Imports of Kerosene-Type Jet Fuel (Thousand Barrels per Day),3,MBBL/D
2006-02,R30-Z00,PADD 3,EPJK,Kerosene-Type Jet Fuel,IM0,Imports,MKJIMP31,Gulf Coast (PADD 3) Imports of Kerosene-Type Jet Fuel (Thousand Barrels),18,MBBL
2006-02,R30-Z00,PADD 3,EPJK,Kerosene-Type Jet Fuel,IM0,Imports,MKJIMP32,Gulf Coast (PADD 3) Imports of Kerosene-Type Jet Fuel (Thousand Barrels per Day),1,MBBL/D
2006-03,R30-Z00,PADD 3,EPJK,Kerosene-Type Jet Fuel,IM0,Imports,MKJIMP31,Gulf Coast (PADD 3) Imports of Kerosene-Type Jet Fuel (Thousand Barrels),261,MBBL
2006-03,R30-Z00,PADD 3,EPJK,Kerosene-Type Jet Fuel,IM0,Imports,MKJIMP32,Gulf Coast (PADD 3) Imports of Kerosene-Type Jet Fuel (Thousand Barrels per Day),8,MBBL/D
2006-04,R30-Z00,PADD 3,EPJK,Kerosene-Type Jet Fuel,IM0,Imports,MKJIMP31,Gulf Coast (PADD 3) Imports of Kerosene-Type Jet Fuel (Thousand Barrels),11,MBBL
2006-04,R30-Z00,PADD 3,EPJK,Kerosene-Type Jet Fuel,IM0,Imports,MKJIMP32,Gulf Coast (PADD 3) Imports of Kerosene-Type Jet Fuel (Thousand Barrels per Day),0,MBBL/D
2006-05,R30-Z00,PADD 3,EPJK,Kerosene-Type Jet Fuel,IM0,Imports,MKJIMP31,Gulf Coast (PADD 3) Imports of Kerosene-Type Jet Fuel (Thousand Barrels),549,MBBL
2006-05,R30-Z00,PADD 3,EPJK,Kerosene-Type Jet Fuel,IM0,Imports,MKJIMP32,Gulf Coast (PADD 3) Imports of Kerosene-Type Jet Fuel (Thousand Barrels per Day),18,MBBL/D
2006-06,R30-Z00,PADD 3,EPJK,Kerosene-Type Jet Fuel,IM0,Imports,MKJIMP31,Gulf Coast (PADD 3) Imports of Kerosene-Type Jet Fuel (Thousand Barrels),18,MBBL
2006-06,R30-Z00,PADD 3,EPJK,Kerosene-Type Jet Fuel,IM0,Imports,MKJIMP32,Gulf Coast (PADD 3) Imports of Kerosene-Type Jet Fuel (Thousand Barrels per Day),1,MBBL/D
2006-07,R30-Z00,PADD 3,EPJK,Kerosene-Type Jet Fuel,IM0,Imports,MKJIMP31,Gulf Coast (PADD 3) Imports of Kerosene-Type Jet Fuel (Thousand Barrels),31,MBBL
2006-07,R30-Z00,PADD 3,EPJK,Kerosene-Type Jet Fuel,IM0,Imports,MKJIMP32,Gulf Coast (PADD 3) Imports of Kerosene-Type Jet Fuel (Thousand Barrels per Day),1,MBBL/D
2006-08,R30-Z00,PADD 3,EPJK,Kerosene-Type Jet Fuel,IM0,Imports,MKJIMP31,Gulf Coast (PADD 3) Imports of Kerosene-Type Jet Fuel (Thousand Barrels),574,MBBL
2006-08,R30-Z00,PADD 3,EPJK,Kerosene-Type Jet Fuel,IM0,Imports,MKJIMP32,Gulf Coast (PADD 3) Imports of Kerosene-Type Jet Fuel (Thousand Barrels per Day),19,MBBL/D
2006-09,R30-Z00,PADD 3,EPJK,Kerosene-Type Jet Fuel,IM0,Imports,MKJIMP31,Gulf Coast (PADD 3) Imports of Kerosene-Type Jet Fuel (Thousand Barrels),7,MBBL
2006-09,R30-Z00,PADD 3,EPJK,Kerosene-Type Jet Fuel,IM0,Imports,MKJIMP32,Gulf Coast (PADD 3) Imports of Kerosene-Type Jet Fuel (Thousand Barrels per Day),0,MBBL/D
2006-10,R30-Z00,PADD 3,EPJK,Kerosene-Type Jet Fuel,IM0,Imports,MKJIMP31,Gulf Coast (PADD 3) Imports of Kerosene-Type Jet Fuel (Thousand Barrels),647,MBBL
2006-10,R30-Z00,PADD 3,EPJK,Kerosene-Type Jet Fuel,IM0,Imports,MKJIMP32,Gulf Coast (PADD 3) Imports of Kerosene-Type Jet Fuel (Thousand Barrels per Day),21,MBBL/D
2006-11,R30-Z00,PADD 3,EPJK,Kerosene-Type Jet Fuel,IM0,Imports,MKJIMP31,Gulf Coast (PADD 3) Imports of Kerosene-Type Jet Fuel (Thousand Barrels),7,MBBL
2006-11,R30-Z00,PADD 3,EPJK,Kerosene-Type Jet Fuel,IM0,Imports,MKJIMP32,Gulf Coast (PADD 3) Imports of Kerosene-Type Jet Fuel (Thousand Barrels per Day),0,MBBL/D
2006-12,R30-Z00,PADD 3,EPJK,Kerosene-Type Jet Fuel,IM0,Imports,MKJIMP31,Gulf Coast (PADD 3) Imports of Kerosene-Type Jet Fuel (Thousand Barrels),308,MBBL
2006-12,R30-Z00,PADD 3,EPJK,Kerosene-Type Jet Fuel,IM0,Imports,MKJIMP32,Gulf Coast (PADD 3) Imports of Kerosene-Type Jet Fuel (Thousand Barrels per Day),10,MBBL/D
2007-01,R30-Z00,PADD 3,EPJK,Kerosene-Type Jet Fuel,IM0,Imports,MKJIMP31,Gulf Coast (PADD 3) Imports of Kerosene-Type Jet Fuel (Thousand Barrels),8,MBBL
2007-01,R30-Z00,PADD 3,EPJK,Kerosene-Type Jet Fuel,IM0,Imports,MKJIMP32,Gulf Coast (PADD 3) Imports of Kerosene-Type Jet Fuel (Thousand Barrels per Day),0,MBBL/D
2007-02,R30-Z00,PADD 3,EPJK,Kerosene-Type Jet Fuel,IM0,Imports,MKJIMP31,Gulf Coast (PADD 3) Imports of Kerosene-Type Jet Fuel (Thousand Barrels),7,MBBL
2007-02,R30-Z00,PADD 3,EPJK,Kerosene-Type Jet Fuel,IM0,Imports,MKJIMP32,Gulf Coast (PADD 3) Imports of Kerosene-Type Jet Fuel (Thousand Barrels per Day),0,MBBL/D
2007-03,R30-Z00,PADD 3,EPJK,Kerosene-Type Jet Fuel,IM0,Imports,MKJIMP31,Gulf Coast (PADD 3) Imports of Kerosene-Type Jet Fuel (Thousand Barrels),261,MBBL
2007-03,R30-Z00,PADD 3,EPJK,Kerosene-Type Jet Fuel,IM0,Imports,MKJIMP32,Gulf Coast (PADD 3) Imports of Kerosene-Type Jet Fuel (Thousand Barrels per Day),8,MBBL/D
2007-04,R30-Z00,PADD 3,EPJK,Kerosene-Type Jet Fuel,IM0,Imports,MKJIMP31,Gulf Coast (PADD 3) Imports of Kerosene-Type Jet Fuel (Thousand Barrels),11,MBBL
2007-04,R30-Z00,PADD 3,EPJK,Kerosene-Type Jet Fuel,IM0,Imports,MKJIMP32,Gulf Coast (PADD 3) Imports of Kerosene-Type Jet Fuel (Thousand Barrels per Day),0,MBBL/D
2007-05,R30-Z00,PADD 3,EPJK,Kerosene-Type Jet Fuel,IM0,Imports,MKJIMP31,Gulf Coast (PADD 3) Imports of Kerosene-Type Jet Fuel (Thousand Barrels),11,MBBL
2007-05,R30-Z00,PADD 3,EPJK,Kerosene-Type Jet Fuel,IM0,Imports,MKJIMP32,Gulf Coast (PADD 3) Imports of Kerosene-Type Jet Fuel (Thousand Barrels per Day),0,MBBL/D
2007-06,R30-Z00,PADD 3,EPJK,Kerosene-Type Jet Fuel,IM0,Imports,MKJIMP31,Gulf Coast (PADD 3) Imports of Kerosene-Type Jet Fuel (Thousand Barrels),145,MBBL
2007-06,R30-Z00,PADD 3,EPJK,Kerosene-Type Jet Fuel,IM0,Imports,MKJIMP32,Gulf Coast (PADD 3) Imports of Kerosene-Type Jet Fuel (Thousand Barrels per Day),5,MBBL/D
2007-07,R30-Z00,PADD 3,EPJK,Kerosene-Type Jet Fuel,IM0,Imports,MKJIMP31,Gulf Coast (PADD 3) Imports of Kerosene-Type Jet Fuel (Thousand Barrels),154,MBBL
2007-07,R30-Z00,PADD 3,EPJK,Kerosene-Type Jet Fuel,IM0,Imports,MKJIMP32,Gulf Coast (PADD 3) Imports of Kerosene-Type Jet Fuel (Thousand Barrels per Day),5,MBBL/D
2007-08,R30-Z00,PADD 3,EPJK,Kerosene-Type Jet Fuel,IM0,Imports,MKJIMP31,Gulf Coast (PADD 3) Imports of Kerosene-Type Jet Fuel (Thousand Barrels),351,MBBL
2007-08,R30-Z00,PADD 3,EPJK,Kerosene-Type Jet Fuel,IM0,Imports,MKJIMP32,Gulf Coast (PADD 3) Imports of Kerosene-Type Jet Fuel (Thousand Barrels per Day),11,MBBL/D
2007-09,R30-Z00,PADD 3,EPJK,Kerosene-Type Jet Fuel,IM0,Imports,MKJIMP31,Gulf Coast (PADD 3) Imports of Kerosene-Type Jet Fuel (Thousand Barrels),348,MBBL
2007-09,R30-Z00,PADD 3,EPJK,Kerosene-Type Jet Fuel,IM0,Imports,MKJIMP32,Gulf Coast (PADD 3) Imports of Kerosene-Type Jet Fuel (Thousand Barrels per Day),12,MBBL/D
2007-10,R30-Z00,PADD 3,EPJK,Kerosene-Type Jet Fuel,IM0,Imports,MKJIMP31,Gulf Coast (PADD 3) Imports of Kerosene-Type Jet Fuel (Thousand Barrels),91,MBBL
2007-10,R30-Z00,PADD 3,EPJK,Kerosene-Type Jet Fuel,IM0,Imports,MKJIMP32,Gulf Coast (PADD 3) Imports of Kerosene-Type Jet Fuel (Thousand Barrels per Day),3,MBBL/D
2007-11,R30-Z00,PADD 3,EPJK,Kerosene-Type Jet Fuel,IM0,Imports,MKJIMP31,Gulf Coast (PADD 3) Imports of Kerosene-Type Jet Fuel (Thousand Barrels),18,MBBL
2007-11,R30-Z00,PADD 3,EPJK,Kerosene-Type Jet Fuel,IM0,Imports,MKJIMP32,Gulf Coast (PADD 3) Imports of Kerosene-Type Jet Fuel (Thousand Barrels per Day),1,MBBL/D
2007-12,R30-Z00,PADD 3,EPJK,Kerosene-Type Jet Fuel,IM0,Imports,MKJIMP31,Gulf Coast (PADD 3) Imports of Kerosene-Type Jet Fuel (Thousand Barrels),18,MBBL
2007-12,R30-Z00,PADD 3,EPJK,Kerosene-Type Jet Fuel,IM0,Imports,MKJIMP32,Gulf Coast (PADD 3) Imports of Kerosene-Type Jet Fuel (Thousand Barrels per Day),1,MBBL/D
2008-01,R30-Z00,PADD 3,EPJK,Kerosene-Type Jet Fuel,IM0,Imports,MKJIMP31,Gulf Coast (PADD 3) Imports of Kerosene-Type Jet Fuel (Thousand Barrels),90,MBBL
2008-01,R30-Z00,PADD 3,EPJK,Kerosene-Type Jet Fuel,IM0,Imports,MKJIMP32,Gulf Coast (PADD 3) Imports of Kerosene-Type Jet Fuel (Thousand Barrels per Day),3,MBBL/D
2008-02,R30-Z00,PADD 3,EPJK,Kerosene-Type Jet Fuel,IM0,Imports,MKJIMP31,Gulf Coast (PADD 3) Imports of Kerosene-Type Jet Fuel (Thousand Barrels),20,MBBL
2008-02,R30-Z00,PADD 3,EPJK,Kerosene-Type Jet Fuel,IM0,Imports,MKJIMP32,Gulf Coast (PADD 3) Imports of Kerosene-Type Jet Fuel (Thousand Barrels per Day),1,MBBL/D
2008-03,R30-Z00,PADD 3,EPJK,Kerosene-Type Jet Fuel,IM0,Imports,MKJIMP31,Gulf Coast (PADD 3) Imports of Kerosene-Type Jet Fuel (Thousand Barrels),20,MBBL
2008-03,R30-Z00,PADD 3,EPJK,Kerosene-Type Jet Fuel,IM0,Imports,MKJIMP32,Gulf Coast (PADD 3) Imports of Kerosene-Type Jet Fuel (Thousand Barrels per Day),1,MBBL/D
2008-04,R30-Z00,PADD 3,EPJK,Kerosene-Type Jet Fuel,IM0,Imports,MKJIMP31,Gulf Coast (PADD 3) Imports of Kerosene-Type Jet Fuel (Thousand Barrels),20,MBBL
2008-04,R30-Z00,PADD 3,EPJK,Kerosene-Type Jet Fuel,IM0,Imports,MKJIMP32,Gulf Coast (PADD 3) Imports of Kerosene-Type Jet Fuel (Thousand Barrels per Day),1,MBBL/D
2008-05,R30-Z00,PADD 3,EPJK,Kerosene-Type Jet Fuel,IM0,Imports,MKJIMP31,Gulf Coast (PADD 3) Imports of Kerosene-Type Jet Fuel (Thousand Barrels),18,MBBL
2008-05,R30-Z00,PADD 3,EPJK,Kerosene-Type Jet Fuel,IM0,Imports,MKJIMP32,Gulf Coast (PADD 3) Imports of Kerosene-Type Jet Fuel (Thousand Barrels per Day),1,MBBL/D
2008-06,R30-Z00,PADD 3,EPJK,Kerosene-Type Jet Fuel,IM0,Imports,MKJIMP31,Gulf Coast (PADD 3) Imports of Kerosene-Type Jet Fuel (Thousand Barrels),21,MBBL
2008-06,R30-Z00,PADD 3,EPJK,Kerosene-Type Jet Fuel,IM0,Imports,MKJIMP32,Gulf Coast (PADD 3) Imports of Kerosene-Type Jet Fuel (Thousand Barrels per Day),1,MBBL/D
2008-07,R30-Z00,PADD 3,EPJK,Kerosene-Type Jet Fuel,IM0,Imports,MKJIMP31,Gulf Coast (PADD 3) Imports of Kerosene-Type Jet Fuel (Thousand Barrels),16,MBBL
2008-07,R30-Z00,PADD 3,EPJK,Kerosene-Type Jet Fuel,IM0,Imports,MKJIMP32,Gulf Coast (PADD 3) Imports of Kerosene-Type Jet Fuel (Thousand Barrels per Day),1,MBBL/D
2008-08,R30-Z00,PADD 3,EPJK,Kerosene-Type Jet Fuel,IM0,Imports,MKJIMP31,Gulf Coast (PADD 3) Imports of Kerosene-Type Jet Fuel (Thousand Barrels),22,MBBL
2008-08,R30-Z00,PADD 3,EPJK,Kerosene-Type Jet Fuel,IM0,Imports,MKJIMP32,Gulf Coast (PADD 3) Imports of Kerosene-Type Jet Fuel (Thousand Barrels per Day),1,MBBL/D
2008-09,R30-Z00,PADD 3,EPJK,Kerosene-Type Jet Fuel,IM0,Imports,MKJIMP31,Gulf Coast (PADD 3) Imports of Kerosene-Type Jet Fuel (Thousand Barrels),79,MBBL
2008-09,R30-Z00,PADD 3,EPJK,Kerosene-Type Jet Fuel,IM0,Imports,MKJIMP32,Gulf Coast (PADD 3) Imports of Kerosene-Type Jet Fuel (Thousand Barrels per Day),3,MBBL/D
2008-10,R30-Z00,PADD 3,EPJK,Kerosene-Type Jet Fuel,IM0,Imports,MKJIMP31,Gulf Coast (PADD 3) Imports of Kerosene-Type Jet Fuel (Thousand Barrels),89,MBBL
2008-10,R30-Z00,PADD 3,EPJK,Kerosene-Type Jet Fuel,IM0,Imports,MKJIMP32,Gulf Coast (PADD 3) Imports of Kerosene-Type Jet Fuel (Thousand Barrels per Day),3,MBBL/D
2008-11,R30-Z00,PADD 3,EPJK,Kerosene-Type Jet Fuel,IM0,Imports,MKJIMP31,Gulf Coast (PADD 3) Imports of Kerosene-Type Jet Fuel (Thousand Barrels),4,MBBL
2008-11,R30-Z00,PADD 3,EPJK,Kerosene-Type Jet Fuel,IM0,Imports,MKJIMP32,Gulf Coast (PADD 3) Imports of Kerosene-Type Jet Fuel (Thousand Barrels per Day),0,MBBL/D
2008-12,R30-Z00,PADD 3,EPJK,Kerosene-Type Jet Fuel,IM0,Imports,MKJIMP31,Gulf Coast (PADD 3) Imports of Kerosene-Type Jet Fuel (Thousand Barrels),37,MBBL
2008-12,R30-Z00,PADD 3,EPJK,Kerosene-Type Jet Fuel,IM0,Imports,MKJIMP32,Gulf Coast (PADD 3) Imports of Kerosene-Type Jet Fuel (Thousand Barrels per Day),1,MBBL/D
2009-01,R30-Z00,PADD 3,EPJK,Kerosene-Type Jet Fuel,IM0,Imports,MKJIMP31,Gulf Coast (PADD 3) Imports of Kerosene-Type Jet Fuel (Thousand Barrels),15,MBBL
2009-01,R30-Z00,PADD 3,EPJK,Kerosene-Type Jet Fuel,IM0,Imports,MKJIMP32,Gulf Coast (PADD 3) Imports of Kerosene-Type Jet Fuel (Thousand Barrels per Day),0,MBBL/D
2009-02,R30-Z00,PADD 3,EPJK,Kerosene-Type Jet Fuel,IM0,Imports,MKJIMP31,Gulf Coast (PADD 3) Imports of Kerosene-Type Jet Fuel (Thousand Barrels),14,MBBL
2009-02,R30-Z00,PADD 3,EPJK,Kerosene-Type Jet Fuel,IM0,Imports,MKJIMP32,Gulf Coast (PADD 3) Imports of Kerosene-Type Jet Fuel (Thousand Barrels per Day),1,MBBL/D
2009-03,R30-Z00,PADD 3,EPJK,Kerosene-Type Jet Fuel,IM0,Imports,MKJIMP31,Gulf Coast (PADD 3) Imports of Kerosene-Type Jet Fuel (Thousand Barrels),18,MBBL
2009-03,R30-Z00,PADD 3,EPJK,Kerosene-Type Jet Fuel,IM0,Imports,MKJIMP32,Gulf Coast (PADD 3) Imports of Kerosene-Type Jet Fuel (Thousand Barrels per Day),1,MBBL/D
2009-04,R30-Z00,PADD 3,EPJK,Kerosene-Type Jet Fuel,IM0,Imports,MKJIMP31,Gulf Coast (PADD 3) Imports of Kerosene-Type Jet Fuel (Thousand Barrels),17,MBBL
2009-04,R30-Z00,PADD 3,EPJK,Kerosene-Type Jet Fuel,IM0,Imports,MKJIMP32,Gulf Coast (PADD 3) Imports of Kerosene-Type Jet Fuel (Thousand Barrels per Day),1,MBBL/D
2009-05,R30-Z00,PADD 3,EPJK,Kerosene-Type Jet Fuel,IM0,Imports,MKJIMP31,Gulf Coast (PADD 3) Imports of Kerosene-Type Jet Fuel (Thousand Barrels),14,MBBL
2009-05,R30-Z00,PADD 3,EPJK,Kerosene-Type Jet Fuel,IM0,Imports,MKJIMP32,Gulf Coast (PADD 3) Imports of Kerosene-Type Jet Fuel (Thousand Barrels per Day),0,MBBL/D
2010-01,R30-Z00,PADD 3,EPJK,Kerosene-Type Jet Fuel,IM0,Imports,MKJIMP31,Gulf Coast (PADD 3) Imports of Kerosene-Type Jet Fuel (Thousand Barrels),200,MBBL
2010-01,R30-Z00,PADD 3,EPJK,Kerosene-Type Jet Fuel,IM0,Imports,MKJIMP32,Gulf Coast (PADD 3) Imports of Kerosene-Type Jet Fuel (Thousand Barrels per Day),6,MBBL/D
2010-03,R30-Z00,PADD 3,EPJK,Kerosene-Type Jet Fuel,IM0,Imports,MKJIMP32,Gulf Coast (PADD 3) Imports of Kerosene-Type Jet Fuel (Thousand Barrels per Day),15,MBBL/D
2010-03,R30-Z00,PADD 3,EPJK,Kerosene-Type Jet Fuel,IM0,Imports,MKJIMP31,Gulf Coast (PADD 3) Imports of Kerosene-Type Jet Fuel (Thousand Barrels),474,MBBL
2010-10,R30-Z00,PADD 3,EPJK,Kerosene-Type Jet Fuel,IM0,Imports,MKJIMP32,Gulf Coast (PADD 3) Imports of Kerosene-Type Jet Fuel (Thousand Barrels per Day),23,MBBL/D
2010-10,R30-Z00,PADD 3,EPJK,Kerosene-Type Jet Fuel,IM0,Imports,MKJIMP31,Gulf Coast (PADD 3) Imports of Kerosene-Type Jet Fuel (Thousand Barrels),726,MBBL
2011-05,R30-Z00,PADD 3,EPJK,Kerosene-Type Jet Fuel,IM0,Imports,MKJIMP32,Gulf Coast (PADD 3) Imports of Kerosene-Type Jet Fuel (Thousand Barrels per Day),0,MBBL/D
2011-05,R30-Z00,PADD 3,EPJK,Kerosene-Type Jet Fuel,IM0,Imports,MKJIMP31,Gulf Coast (PADD 3) Imports of Kerosene-Type Jet Fuel (Thousand Barrels),1,MBBL
2011-07,R30-Z00,PADD 3,EPJK,Kerosene-Type Jet Fuel,IM0,Imports,MKJIMP31,Gulf Coast (PADD 3) Imports of Kerosene-Type Jet Fuel (Thousand Barrels),319,MBBL
2011-07,R30-Z00,PADD 3,EPJK,Kerosene-Type Jet Fuel,IM0,Imports,MKJIMP32,Gulf Coast (PADD 3) Imports of Kerosene-Type Jet Fuel (Thousand Barrels per Day),10,MBBL/D
2011-09,R30-Z00,PADD 3,EPJK,Kerosene-Type Jet Fuel,IM0,Imports,MKJIMP31,Gulf Coast (PADD 3) Imports of Kerosene-Type Jet Fuel (Thousand Barrels),340,MBBL
2011-09,R30-Z00,PADD 3,EPJK,Kerosene-Type Jet Fuel,IM0,Imports,MKJIMP32,Gulf Coast (PADD 3) Imports of Kerosene-Type Jet Fuel (Thousand Barrels per Day),11,MBBL/D
2011-10,R30-Z00,PADD 3,EPJK,Kerosene-Type Jet Fuel,IM0,Imports,MKJIMP31,Gulf Coast (PADD 3) Imports of Kerosene-Type Jet Fuel (Thousand Barrels),317,MBBL
2011-10,R30-Z00,PADD 3,EPJK,Kerosene-Type Jet Fuel,IM0,Imports,MKJIMP32,Gulf Coast (PADD 3) Imports of Kerosene-Type Jet Fuel (Thousand Barrels per Day),10,MBBL/D
2011-11,R30-Z00,PADD 3,EPJK,Kerosene-Type Jet Fuel,IM0,Imports,MKJIMP31,Gulf Coast (PADD 3) Imports of Kerosene-Type Jet Fuel (Thousand Barrels),50,MBBL
2011-11,R30-Z00,PADD 3,EPJK,Kerosene-Type Jet Fuel,IM0,Imports,MKJIMP32,Gulf Coast (PADD 3) Imports of Kerosene-Type Jet Fuel (Thousand Barrels per Day),2,MBBL/D
2011-12,R30-Z00,PADD 3,EPJK,Kerosene-Type Jet Fuel,IM0,Imports,MKJIMP32,Gulf Coast (PADD 3) Imports of Kerosene-Type Jet Fuel (Thousand Barrels per Day),1,MBBL/D
2011-12,R30-Z00,PADD 3,EPJK,Kerosene-Type Jet Fuel,IM0,Imports,MKJIMP31,Gulf Coast (PADD 3) Imports of Kerosene-Type Jet Fuel (Thousand Barrels),25,MBBL
2012-11,R30-Z00,PADD 3,EPJK,Kerosene-Type Jet Fuel,IM0,Imports,MKJIMP31,Gulf Coast (PADD 3) Imports of Kerosene-Type Jet Fuel (Thousand Barrels),25,MBBL
2012-11,R30-Z00,PADD 3,EPJK,Kerosene-Type Jet Fuel,IM0,Imports,MKJIMP32,Gulf Coast (PADD 3) Imports of Kerosene-Type Jet Fuel (Thousand Barrels per Day),1,MBBL/D
2012-12,R30-Z00,PADD 3,EPJK,Kerosene-Type Jet Fuel,IM0,Imports,MKJIMP31,Gulf Coast (PADD 3) Imports of Kerosene-Type Jet Fuel (Thousand Barrels),127,MBBL
2012-12,R30-Z00,PADD 3,EPJK,Kerosene-Type Jet Fuel,IM0,Imports,MKJIMP32,Gulf Coast (PADD 3) Imports of Kerosene-Type Jet Fuel (Thousand Barrels per Day),4,MBBL/D
2013-01,R30-Z00,PADD 3,EPJK,Kerosene-Type Jet Fuel,IM0,Imports,MKJIMP31,Gulf Coast (PADD 3) Imports of Kerosene-Type Jet Fuel (Thousand Barrels),120,MBBL
2013-01,R30-Z00,PADD 3,EPJK,Kerosene-Type Jet Fuel,IM0,Imports,MKJIMP32,Gulf Coast (PADD 3) Imports of Kerosene-Type Jet Fuel (Thousand Barrels per Day),4,MBBL/D
2013-02,R30-Z00,PADD 3,EPJK,Kerosene-Type Jet Fuel,IM0,Imports,MKJIMP32,Gulf Coast (PADD 3) Imports of Kerosene-Type Jet Fuel (Thousand Barrels per Day),0,MBBL/D
2013-02,R30-Z00,PADD 3,EPJK,Kerosene-Type Jet Fuel,IM0,Imports,MKJIMP31,Gulf Coast (PADD 3) Imports of Kerosene-Type Jet Fuel (Thousand Barrels),3,MBBL
2014-02,R30-Z00,PADD 3,EPJK,Kerosene-Type Jet Fuel,IM0,Imports,MKJIMP31,Gulf Coast (PADD 3) Imports of Kerosene-Type Jet Fuel (Thousand Barrels),120,MBBL
2014-02,R30-Z00,PADD 3,EPJK,Kerosene-Type Jet Fuel,IM0,Imports,MKJIMP32,Gulf Coast (PADD 3) Imports of Kerosene-Type Jet Fuel (Thousand Barrels per Day),4,MBBL/D
2014-05,R30-Z00,PADD 3,EPJK,Kerosene-Type Jet Fuel,IM0,Imports,MKJIMP31,Gulf Coast (PADD 3) Imports of Kerosene-Type Jet Fuel (Thousand Barrels),100,MBBL
2014-05,R30-Z00,PADD 3,EPJK,Kerosene-Type Jet Fuel,IM0,Imports,MKJIMP32,Gulf Coast (PADD 3) Imports of Kerosene-Type Jet Fuel (Thousand Barrels per Day),3,MBBL/D
2017-10,R30-Z00,PADD 3,EPJK,Kerosene-Type Jet Fuel,IM0,Imports,MKJIMP31,Gulf Coast (PADD 3) Imports of Kerosene-Type Jet Fuel (Thousand Barrels),50,MBBL
2017-10,R30-Z00,PADD 3,EPJK,Kerosene-Type Jet Fuel,IM0,Imports,MKJIMP32,Gulf Coast (PADD 3) Imports of Kerosene-Type Jet Fuel (Thousand Barrels per Day),2,MBBL/D
2017-11,R30-Z00,PADD 3,EPJK,Kerosene-Type Jet Fuel,IM0,Imports,MKJIMP32,Gulf Coast (PADD 3) Imports of Kerosene-Type Jet Fuel (Thousand Barrels per Day),4,MBBL/D
2017-11,R30-Z00,PADD 3,EPJK,Kerosene-Type Jet Fuel,IM0,Imports,MKJIMP31,Gulf Coast (PADD 3) Imports of Kerosene-Type Jet Fuel (Thousand Barrels),125,MBBL
2018-12,R30-Z00,PADD 3,EPJK,Kerosene-Type Jet Fuel,IM0,Imports,MKJIMP32,Gulf Coast (PADD 3) Imports of Kerosene-Type Jet Fuel (Thousand Barrels per Day),1,MBBL/D
2018-12,R30-Z00,PADD 3,EPJK,Kerosene-Type Jet Fuel,IM0,Imports,MKJIMP31,Gulf Coast (PADD 3) Imports of Kerosene-Type Jet Fuel (Thousand Barrels),28,MBBL
2019-01,R30-Z00,PADD 3,EPJK,Kerosene-Type Jet Fuel,IM0,Imports,MKJIMP31,Gulf Coast (PADD 3) Imports of Kerosene-Type Jet Fuel (Thousand Barrels),30,MBBL
2019-01,R30-Z00,PADD 3,EPJK,Kerosene-Type Jet Fuel,IM0,Imports,MKJIMP32,Gulf Coast (PADD 3) Imports of Kerosene-Type Jet Fuel (Thousand Barrels per Day),1,MBBL/D
2020-04,R30-Z00,PADD 3,EPJK,Kerosene-Type Jet Fuel,IM0,Imports,MKJIMP31,Gulf Coast (PADD 3) Imports of Kerosene-Type Jet Fuel (Thousand Barrels),650,MBBL
2020-04,R30-Z00,PADD 3,EPJK,Kerosene-Type Jet Fuel,IM0,Imports,MKJIMP32,Gulf Coast (PADD 3) Imports of Kerosene-Type Jet Fuel (Thousand Barrels per Day),22,MBBL/D
2020-05,R30-Z00,PADD 3,EPJK,Kerosene-Type Jet Fuel,IM0,Imports,MKJIMP31,Gulf Coast (PADD 3) Imports of Kerosene-Type Jet Fuel (Thousand Barrels),773,MBBL
2020-05,R30-Z00,PADD 3,EPJK,Kerosene-Type Jet Fuel,IM0,Imports,MKJIMP32,Gulf Coast (PADD 3) Imports of Kerosene-Type Jet Fuel (Thousand Barrels per Day),25,MBBL/D
2020-07,R30-Z00,PADD 3,EPJK,Kerosene-Type Jet Fuel,IM0,Imports,MKJIMP31,Gulf Coast (PADD 3) Imports of Kerosene-Type Jet Fuel (Thousand Barrels),215,MBBL
2020-07,R30-Z00,PADD 3,EPJK,Kerosene-Type Jet Fuel,IM0,Imports,MKJIMP32,Gulf Coast (PADD 3) Imports of Kerosene-Type Jet Fuel (Thousand Barrels per Day),7,MBBL/D
2020-09,R30-Z00,PADD 3,EPJK,Kerosene-Type Jet Fuel,IM0,Imports,MKJIMP31,Gulf Coast (PADD 3) Imports of Kerosene-Type Jet Fuel (Thousand Barrels),873,MBBL
2020-09,R30-Z00,PADD 3,EPJK,Kerosene-Type Jet Fuel,IM0,Imports,MKJIMP32,Gulf Coast (PADD 3) Imports of Kerosene-Type Jet Fuel (Thousand Barrels per Day),29,MBBL/D
2022-11,R30-Z00,PADD 3,EPJK,Kerosene-Type Jet Fuel,IM0,Imports,MKJIMP31,Gulf Coast (PADD 3) Imports of Kerosene-Type Jet Fuel (Thousand Barrels),1,MBBL
2022-11,R30-Z00,PADD 3,EPJK,Kerosene-Type Jet Fuel,IM0,Imports,MKJIMP32,Gulf Coast (PADD 3) Imports of Kerosene-Type Jet Fuel (Thousand Barrels per Day),0,MBBL/D
2022-12,R30-Z00,PADD 3,EPJK,Kerosene-Type Jet Fuel,IM0,Imports,MKJIMP31,Gulf Coast (PADD 3) Imports of Kerosene-Type Jet Fuel (Thousand Barrels),123,MBBL
2022-12,R30-Z00,PADD 3,EPJK,Kerosene-Type Jet Fuel,IM0,Imports,MKJIMP32,Gulf Coast (PADD 3) Imports of Kerosene-Type Jet Fuel (Thousand Barrels per Day),4,MBBL/D
2023-07,R30-Z00,PADD 3,EPJK,Kerosene-Type Jet Fuel,IM0,Imports,MKJIMP31,Gulf Coast (PADD 3) Imports of Kerosene-Type Jet Fuel (Thousand Barrels),25,MBBL
2023-07,R30-Z00,PADD 3,EPJK,Kerosene-Type Jet Fuel,IM0,Imports,MKJIMP32,Gulf Coast (PADD 3) Imports of Kerosene-Type Jet Fuel (Thousand Barrels per Day),1,MBBL/D
2025-05,R30-Z00,PADD 3,EPJK,Kerosene-Type Jet Fuel,IM0,Imports,MKJIMP31,Gulf Coast (PADD 3) Imports of Kerosene-Type Jet Fuel (Thousand Barrels),93,MBBL
2025-05,R30-Z00,PADD 3,EPJK,Kerosene-Type Jet Fuel,IM0,Imports,MKJIMP32,Gulf Coast (PADD 3) Imports of Kerosene-Type Jet Fuel (Thousand Barrels per Day),3,MBBL/D
2025-09,R30-Z00,PADD 3,EPJK,Kerosene-Type Jet Fuel,IM0,Imports,MKJIMP31,Gulf Coast (PADD 3) Imports of Kerosene-Type Jet Fuel (Thousand Barrels),167,MBBL
2025-09,R30-Z00,PADD 3,EPJK,Kerosene-Type Jet Fuel,IM0,Imports,MKJIMP32,Gulf Coast (PADD 3) Imports of Kerosene-Type Jet Fuel (Thousand Barrels per Day),6,MBBL/D
