period,imports_R10,imports_R20,imports_R30,imports_R40,imports_R50,imports_NUS,exports_R10,exports_R20,exports_R30,exports_R40,exports_R50,exports_rt_R10,exports_rt_R20,exports_rt_R30,exports_rt_R40,exports_rt_R50,us_exports_mbbld
2010-06-04,57.0,0.0,0.0,0.0,6.0,64,0.03,3.61,42.73,0.0,12.63,2.35,2.34,31.35,0.11,22.85,59
2010-06-11,24.0,0.0,0.0,0.0,37.0,62,0.03,3.61,42.73,0.0,12.63,2.35,2.34,31.35,0.11,22.85,59
2010-06-18,38.0,0.0,0.0,0.0,13.0,51,0.04,3.73,44.18,0.0,13.05,2.43,2.42,32.41,0.11,23.63,61
2010-06-25,2.0,0.0,0.0,0.0,52.0,54,0.04,3.73,44.18,0.0,13.05,2.43,2.42,32.41,0.11,23.63,61
2010-07-02,46.0,0.0,0.0,0.0,72.0,118,8.05,2.74,39.61,0.0,10.6,2.84,2.29,32.06,0.08,23.72,61
2010-07-09,8.0,0.0,0.0,0.0,50.0,59,8.05,2.74,39.61,0.0,10.6,2.84,2.29,32.06,0.08,23.72,61
2010-07-16,16.0,0.0,1.0,1.0,60.0,78,8.18,2.78,40.26,0.0,10.77,2.89,2.33,32.58,0.09,24.11,62
2010-07-23,53.0,0.0,0.0,0.0,33.0,86,8.18,2.78,40.26,0.0,10.77,2.89,2.33,32.58,0.09,24.11,62
2010-07-30,31.0,0.0,0.0,0.0,34.0,65,8.18,2.78,40.26,0.0,10.77,2.89,2.33,32.58,0.09,24.11,62
2010-08-06,14.0,0.0,0.0,0.0,56.0,70,0.05,2.81,47.64,0.0,11.5,1.48,2.69,35.25,0.06,22.51,62
2010-08-13,37.0,0.0,0.0,0.0,41.0,77,0.04,2.53,43.03,0.0,10.39,1.34,2.43,31.84,0.06,20.33,56
2010-08-20,31.0,0.0,0.0,0.0,61.0,93,0.04,2.53,43.03,0.0,10.39,1.34,2.43,31.84,0.06,20.33,56
2010-08-27,12.0,0.0,0.0,0.0,57.0,69,0.04,2.53,43.03,0.0,10.39,1.34,2.43,31.84,0.06,20.33,56
2010-09-03,53.0,0.0,0.0,0.0,41.0,94,0.72,4.11,37.2,0.0,13.97,2.88,2.61,35.55,0.03,14.94,56
2010-09-10,54.0,0.0,0.0,0.0,82.0,136,0.78,4.48,40.52,0.0,15.22,3.13,2.84,38.73,0.03,16.27,61
2010-09-17,34.0,0.0,0.0,0.0,64.0,98,0.78,4.48,40.52,0.0,15.22,3.13,2.84,38.73,0.03,16.27,61
2010-09-24,60.0,0.0,0.0,0.0,60.0,120,0.78,4.48,40.52,0.0,15.22,3.13,2.84,38.73,0.03,16.27,61
2010-10-01,13.0,0.0,0.0,0.0,14.0,28,0.65,2.78,36.45,0.0,21.12,2.96,2.87,40.48,0.02,14.68,61
2010-10-08,43.0,0.0,0.0,0.0,21.0,64,0.65,2.78,36.45,0.0,21.12,2.96,2.87,40.48,0.02,14.68,61
2010-10-15,23.0,0.0,45.0,0.0,12.0,80,0.69,2.97,38.84,0.0,22.5,3.15,3.05,43.13,0.02,15.64,65
2010-10-22,19.0,0.0,0.0,0.0,18.0,37,0.69,2.97,38.84,0.0,22.5,3.15,3.05,43.13,0.02,15.64,65
2010-10-29,61.0,0.0,0.0,0.0,13.0,74,0.69,2.97,38.84,0.0,22.5,3.15,3.05,43.13,0.02,15.64,65
2010-11-05,42.0,0.0,0.0,0.0,11.0,53,0.08,1.75,49.69,0.0,13.48,3.03,3.39,42.91,0.0,15.67,65
2010-11-12,18.0,0.0,0.0,0.0,14.0,31,0.08,1.75,49.69,0.0,13.48,3.03,3.39,42.91,0.0,15.67,65
2010-11-19,13.0,0.0,0.0,0.0,100.0,113,0.08,1.75,49.69,0.0,13.48,3.03,3.39,42.91,0.0,15.67,65
2010-11-26,17.0,0.0,0.0,0.0,18.0,35,0.08,1.75,49.69,0.0,13.48,3.03,3.39,42.91,0.0,15.67,65
2010-12-03,55.0,0.0,0.0,0.0,76.0,130,4.27,1.71,48.8,0.0,10.22,3.19,3.39,42.91,0.0,15.52,65
2010-12-10,15.0,0.0,0.0,0.0,15.0,29,3.88,1.55,44.3,0.0,9.28,2.89,3.07,38.95,0.0,14.09,59
2010-12-17,48.0,0.0,0.0,0.0,12.0,60,3.88,1.55,44.3,0.0,9.28,2.89,3.07,38.95,0.0,14.09,59
2010-12-24,40.0,0.0,0.0,0.0,1.0,41,3.88,1.55,44.3,0.0,9.28,2.89,3.07,38.95,0.0,14.09,59
2010-12-31,37.0,0.0,0.0,0.0,44.0,81,3.88,1.55,44.3,0.0,9.28,2.89,3.07,38.95,0.0,14.09,59
2011-01-07,26.0,0.0,0.0,0.0,53.0,79,0.89,1.95,45.59,0.0,10.57,1.62,2.83,41.31,0.0,13.24,59
2011-01-14,31.0,0.0,0.0,0.0,32.0,63,1.06,2.31,54.09,0.0,12.54,1.92,3.36,49.01,0.0,15.71,70
2011-01-21,12.0,0.0,0.0,0.0,4.0,16,1.06,2.31,54.09,0.0,12.54,1.92,3.36,49.01,0.0,15.71,70
2011-01-28,74.0,0.0,0.0,0.0,53.0,127,1.06,2.31,54.09,0.0,12.54,1.92,3.36,49.01,0.0,15.71,70
2011-02-04,58.0,0.0,0.0,0.0,3.0,61,11.98,3.12,37.29,0.05,17.56,2.77,2.89,49.72,0.0,14.62,70
2011-02-11,16.0,0.0,0.0,0.0,45.0,61,14.9,3.87,46.34,0.06,21.83,3.45,3.59,61.79,0.0,18.17,87
2011-02-18,21.0,0.0,0.0,0.0,3.0,24,14.9,3.87,46.34,0.06,21.83,3.45,3.59,61.79,0.0,18.17,87
2011-02-25,47.0,0.0,0.0,0.0,4.0,51,14.9,3.87,46.34,0.06,21.83,3.45,3.59,61.79,0.0,18.17,87
2011-03-04,16.0,0.0,0.0,0.0,0.0,16,0.06,4.13,57.49,0.22,25.09,1.86,3.39,63.7,0.0,18.04,87
2011-03-11,12.0,0.0,0.0,0.0,3.0,14,0.06,4.18,58.15,0.23,25.38,1.89,3.43,64.43,0.0,18.25,88
2011-03-18,24.0,0.0,0.0,0.0,3.0,27,0.06,4.18,58.15,0.23,25.38,1.89,3.43,64.43,0.0,18.25,88
2011-03-25,83.0,0.0,0.0,0.0,18.0,101,0.06,4.18,58.15,0.23,25.38,1.89,3.43,64.43,0.0,18.25,88
2011-04-01,64.0,0.0,0.0,0.0,0.0,64,6.93,2.88,58.54,0.0,19.65,4.15,3.43,61.3,0.01,19.11,88
2011-04-08,61.0,0.0,0.0,0.0,7.0,68,6.93,2.88,58.54,0.0,19.65,4.15,3.43,61.3,0.01,19.11,88
2011-04-15,74.0,0.0,0.0,0.0,5.0,79,5.99,2.48,50.56,0.0,16.97,3.59,2.96,52.94,0.01,16.5,76
2011-04-22,80.0,0.0,0.0,0.0,48.0,128,5.99,2.48,50.56,0.0,16.97,3.59,2.96,52.94,0.01,16.5,76
2011-04-29,43.0,0.0,0.0,0.0,11.0,54,5.99,2.48,50.56,0.0,16.97,3.59,2.96,52.94,0.01,16.5,76
2011-05-06,1.0,0.0,0.0,0.0,71.0,72,21.09,4.6,33.46,0.0,16.84,3.41,2.71,52.86,0.04,16.97,76
2011-05-13,71.0,0.0,0.0,0.0,31.0,102,19.98,4.36,31.7,0.0,15.95,3.23,2.57,50.08,0.03,16.08,72
2011-05-20,62.0,0.0,0.0,0.0,11.0,73,19.98,4.36,31.7,0.0,15.95,3.23,2.57,50.08,0.03,16.08,72
2011-05-27,8.0,0.0,0.0,0.0,55.0,63,19.98,4.36,31.7,0.0,15.95,3.23,2.57,50.08,0.03,16.08,72
2011-06-03,67.0,0.0,0.0,0.0,31.0,98,7.81,4.44,39.95,0.0,19.8,3.86,2.46,50.45,0.03,15.19,72
2011-06-10,7.0,0.0,0.0,0.0,80.0,86,8.57,4.87,43.84,0.0,21.72,4.23,2.7,55.35,0.04,16.67,79
2011-06-17,52.0,0.0,0.0,0.0,20.0,72,8.57,4.87,43.84,0.0,21.72,4.23,2.7,55.35,0.04,16.67,79
2011-06-24,36.0,0.0,0.0,0.0,17.0,53,8.57,4.87,43.84,0.0,21.72,4.23,2.7,55.35,0.04,16.67,79
2011-07-01,24.0,0.0,0.0,0.0,29.0,53,5.55,5.13,53.25,0.0,15.08,6.6,3.0,52.56,0.04,16.8,79
2011-07-08,51.0,0.0,0.0,0.0,23.0,73,5.55,5.13,53.25,0.0,15.08,6.6,3.0,52.56,0.04,16.8,79
2011-07-15,8.0,0.0,0.0,0.0,106.0,114,4.35,4.02,41.79,0.0,11.83,5.18,2.35,41.25,0.03,13.18,62
2011-07-22,70.0,0.0,0.0,0.0,10.0,80,4.35,4.02,41.79,0.0,11.83,5.18,2.35,41.25,0.03,13.18,62
2011-07-29,50.0,0.0,0.0,0.0,59.0,108,4.35,4.02,41.79,0.0,11.83,5.18,2.35,41.25,0.03,13.18,62
2011-08-05,24.0,0.0,0.0,0.0,51.0,75,10.92,2.92,27.45,0.0,20.71,5.67,2.73,38.99,0.03,14.57,62
2011-08-12,17.0,0.0,0.0,0.0,1.0,18,11.8,3.15,29.67,0.0,22.38,6.12,2.95,42.14,0.04,15.75,67
2011-08-19,7.0,0.0,0.0,0.0,11.0,18,11.8,3.15,29.67,0.0,22.38,6.12,2.95,42.14,0.04,15.75,67
2011-08-26,28.0,0.0,0.0,0.0,11.0,39,11.8,3.15,29.67,0.0,22.38,6.12,2.95,42.14,0.04,15.75,67
2011-09-02,8.0,0.0,0.0,0.0,7.0,15,0.02,6.16,29.93,0.0,30.89,7.08,3.43,40.41,0.04,16.04,67
2011-09-09,0.0,0.0,0.0,0.0,4.0,4,0.02,6.16,29.93,0.0,30.89,7.08,3.43,40.41,0.04,16.04,67
2011-09-16,7.0,0.0,0.0,0.0,7.0,14,0.03,7.17,34.85,0.0,35.96,8.24,4.0,47.05,0.04,18.67,78
2011-09-23,26.0,0.0,4.0,0.0,25.0,55,0.03,7.17,34.85,0.0,35.96,8.24,4.0,47.05,0.04,18.67,78
2011-09-30,5.0,0.0,0.0,0.0,2.0,7,0.03,7.17,34.85,0.0,35.96,8.24,4.0,47.05,0.04,18.67,78
2011-10-07,35.0,0.0,45.0,0.0,5.0,86,0.16,4.39,56.17,0.0,17.28,8.31,4.03,45.81,0.03,19.81,78
2011-10-14,4.0,0.0,0.0,0.0,44.0,48,0.16,4.39,56.17,0.0,17.28,8.31,4.03,45.81,0.03,19.81,78
2011-10-21,33.0,0.0,0.0,0.0,13.0,45,0.16,4.39,56.17,0.0,17.28,8.31,4.03,45.81,0.03,19.81,78
2011-10-28,11.0,0.0,0.0,0.0,21.0,32,0.16,4.39,56.17,0.0,17.28,8.31,4.03,45.81,0.03,19.81,78
2011-11-04,28.0,0.0,4.0,0.0,85.0,116,2.38,2.73,59.27,0.0,13.61,8.12,4.68,42.78,0.0,22.43,78
2011-11-11,20.0,0.0,0.0,0.0,37.0,58,2.44,2.8,60.79,0.0,13.96,8.32,4.8,43.87,0.0,23.0,80
2011-11-18,32.0,0.0,4.0,0.0,14.0,49,2.44,2.8,60.79,0.0,13.96,8.32,4.8,43.87,0.0,23.0,80
2011-11-25,8.0,0.0,4.0,0.0,67.0,79,2.44,2.8,60.79,0.0,13.96,8.32,4.8,43.87,0.0,23.0,80
2011-12-02,18.0,0.0,0.0,0.0,11.0,29,0.08,17.96,38.34,0.0,23.62,7.46,5.18,44.17,0.0,23.19,80
2011-12-09,0.0,0.0,4.0,0.0,6.0,10,0.07,16.39,34.99,0.0,21.55,6.81,4.73,40.3,0.0,21.16,73
2011-12-16,0.0,0.0,0.0,0.0,9.0,9,0.07,16.39,34.99,0.0,21.55,6.81,4.73,40.3,0.0,21.16,73
2011-12-23,35.0,0.0,0.0,0.0,4.0,39,0.07,16.39,34.99,0.0,21.55,6.81,4.73,40.3,0.0,21.16,73
2011-12-30,36.0,0.0,0.0,0.0,0.0,36,0.07,16.39,34.99,0.0,21.55,6.81,4.73,40.3,0.0,21.16,73
2012-01-06,0.0,0.0,0.0,0.0,6.0,7,0.12,7.19,34.88,0.23,30.58,4.59,4.35,43.95,0.0,20.1,73
2012-01-13,1.0,0.0,0.0,0.0,0.0,1,0.12,7.0,33.93,0.22,29.74,4.47,4.24,42.74,0.0,19.55,71
2012-01-20,0.0,0.0,0.0,0.0,4.0,4,0.12,7.0,33.93,0.22,29.74,4.47,4.24,42.74,0.0,19.55,71
2012-01-27,6.0,0.0,0.0,0.0,1.0,7,0.12,7.0,33.93,0.22,29.74,4.47,4.24,42.74,0.0,19.55,71
2012-02-03,0.0,0.0,0.0,0.0,5.0,5,5.29,7.59,36.05,0.0,22.06,3.15,6.71,41.28,0.0,19.86,71
2012-02-10,39.0,0.0,0.0,0.0,48.0,87,6.86,9.83,46.72,0.0,28.59,4.08,8.7,53.49,0.0,25.73,92
2012-02-17,24.0,0.0,0.0,0.0,4.0,28,6.86,9.83,46.72,0.0,28.59,4.08,8.7,53.49,0.0,25.73,92
2012-02-24,51.0,0.0,0.0,0.0,1.0,52,6.86,9.83,46.72,0.0,28.59,4.08,8.7,53.49,0.0,25.73,92
2012-03-02,34.0,0.0,0.0,0.0,0.0,34,2.44,15.92,41.4,0.0,32.23,2.93,9.25,50.2,0.05,29.57,92
2012-03-09,0.0,0.0,0.0,0.0,4.0,4,2.44,15.92,41.4,0.0,32.23,2.93,9.25,50.2,0.05,29.57,92
2012-03-16,0.0,0.0,0.0,0.0,2.0,3,2.47,16.1,41.85,0.0,32.58,2.96,9.35,50.74,0.05,29.89,93
2012-03-23,0.0,0.0,0.0,0.0,7.0,7,2.47,16.1,41.85,0.0,32.58,2.96,9.35,50.74,0.05,29.89,93
2012-03-30,0.0,0.0,0.0,0.0,55.0,55,2.47,16.1,41.85,0.0,32.58,2.96,9.35,50.74,0.05,29.89,93
2012-04-06,0.0,0.0,0.0,0.0,11.0,11,0.55,8.31,51.41,0.0,32.72,1.8,10.16,51.44,0.05,29.55,93
2012-04-13,41.0,0.0,0.0,0.0,57.0,98,0.56,8.4,51.97,0.0,33.08,1.82,10.27,52.0,0.05,29.87,94
2012-04-20,0.0,0.0,0.0,0.0,10.0,11,0.56,8.4,51.97,0.0,33.08,1.82,10.27,52.0,0.05,29.87,94
2012-04-27,0.0,0.0,0.0,0.0,10.0,10,0.56,8.4,51.97,0.0,33.08,1.82,10.27,52.0,0.05,29.87,94
2012-05-04,0.0,0.0,0.0,0.0,5.0,5,1.31,4.43,63.64,0.0,24.62,2.2,11.45,52.04,0.05,28.25,94
2012-05-11,33.0,0.0,0.0,0.0,4.0,36,1.17,3.96,56.87,0.0,22.0,1.96,10.23,46.51,0.05,25.25,84
2012-05-18,45.0,0.0,0.0,0.0,49.0,93,1.17,3.96,56.87,0.0,22.0,1.96,10.23,46.51,0.05,25.25,84
2012-05-25,0.0,0.0,0.0,0.0,56.0,56,1.17,3.96,56.87,0.0,22.0,1.96,10.23,46.51,0.05,25.25,84
2012-06-01,0.0,0.0,0.0,0.0,3.0,3,0.15,3.68,60.19,0.02,19.96,1.98,10.53,44.82,0.05,26.62,84
2012-06-08,12.0,0.0,1.0,0.0,44.0,57,0.14,3.51,57.33,0.02,19.01,1.89,10.03,42.69,0.04,25.35,80
2012-06-15,0.0,0.0,0.0,0.0,3.0,4,0.14,3.51,57.33,0.02,19.01,1.89,10.03,42.69,0.04,25.35,80
2012-06-22,0.0,0.0,0.0,0.0,4.0,4,0.14,3.51,57.33,0.02,19.01,1.89,10.03,42.69,0.04,25.35,80
2012-06-29,0.0,0.0,0.0,0.0,0.0,0,0.14,3.51,57.33,0.02,19.01,1.89,10.03,42.69,0.04,25.35,80
2012-07-06,0.0,0.0,0.0,0.0,3.0,3,0.18,4.54,53.21,0.0,22.07,1.66,9.97,42.06,0.04,26.27,80
2012-07-13,0.0,0.0,0.0,0.0,1.0,2,0.18,4.54,53.21,0.0,22.07,1.66,9.97,42.06,0.04,26.27,80
2012-07-20,49.0,0.0,0.0,0.0,2.0,52,0.21,5.1,59.86,0.0,24.83,1.87,11.21,47.32,0.05,29.55,90
2012-07-27,42.0,0.0,0.0,0.0,17.0,59,0.21,5.1,59.86,0.0,24.83,1.87,11.21,47.32,0.05,29.55,90
2012-08-03,32.0,0.0,0.0,0.0,1.0,33,10.98,6.39,31.51,0.03,41.09,1.84,7.98,51.76,0.05,28.37,90
2012-08-10,55.0,0.0,0.0,0.0,2.0,57,13.18,7.66,37.82,0.03,49.31,2.21,9.57,62.11,0.06,34.05,108
2012-08-17,33.0,0.0,0.0,0.0,0.0,33,13.18,7.66,37.82,0.03,49.31,2.21,9.57,62.11,0.06,34.05,108
2012-08-24,47.0,0.0,0.0,0.0,58.0,105,13.18,7.66,37.82,0.03,49.31,2.21,9.57,62.11,0.06,34.05,108
2012-08-31,0.0,0.0,0.0,0.0,95.0,95,13.18,7.66,37.82,0.03,49.31,2.21,9.57,62.11,0.06,34.05,108
2012-09-07,40.0,0.0,0.0,0.0,33.0,73,0.08,6.78,72.18,0.0,28.96,2.15,8.72,65.71,0.0,31.42,108
2012-09-14,118.0,0.0,0.0,0.0,24.0,142,0.07,6.09,64.83,0.0,26.01,1.93,7.83,59.02,0.0,28.22,97
2012-09-21,31.0,0.0,0.0,0.0,4.0,35,0.07,6.09,64.83,0.0,26.01,1.93,7.83,59.02,0.0,28.22,97
2012-09-28,0.0,0.0,0.0,0.0,113.0,113,0.07,6.09,64.83,0.0,26.01,1.93,7.83,59.02,0.0,28.22,97
2012-10-05,1.0,0.0,0.0,0.0,15.0,16,0.1,2.89,75.06,0.0,18.95,2.58,7.27,56.76,0.01,30.39,97
2012-10-12,13.0,0.0,0.0,0.0,98.0,111,0.1,2.74,71.19,0.0,17.98,2.45,6.89,53.83,0.01,28.82,92
2012-10-19,0.0,0.0,0.0,0.0,152.0,153,0.1,2.74,71.19,0.0,17.98,2.45,6.89,53.83,0.01,28.82,92
2012-10-26,28.0,0.0,0.0,0.0,107.0,136,0.1,2.74,71.19,0.0,17.98,2.45,6.89,53.83,0.01,28.82,92
2012-11-02,0.0,0.0,0.0,0.0,15.0,16,2.97,2.66,68.3,0.0,18.07,2.04,5.48,56.83,0.01,27.64,92
2012-11-09,0.0,0.0,0.0,0.0,51.0,51,3.16,2.84,72.75,0.0,19.25,2.18,5.83,60.53,0.01,29.45,98
2012-11-16,0.0,0.0,0.0,0.0,4.0,5,3.16,2.84,72.75,0.0,19.25,2.18,5.83,60.53,0.01,29.45,98
2012-11-23,21.0,0.0,4.0,0.0,0.0,25,3.16,2.84,72.75,0.0,19.25,2.18,5.83,60.53,0.01,29.45,98
2012-11-30,26.0,0.0,0.0,0.0,0.0,26,3.16,2.84,72.75,0.0,19.25,2.18,5.83,60.53,0.01,29.45,98
2012-12-07,0.0,0.0,11.0,0.0,42.0,53,0.15,1.67,80.35,0.0,15.84,1.96,4.97,64.09,0.01,26.97,98
2012-12-14,18.0,0.0,7.0,0.0,1.0,25,0.17,1.86,89.36,0.0,17.61,2.18,5.53,71.28,0.01,30.0,109
2012-12-21,0.0,0.0,0.0,0.0,0.0,0,0.17,1.86,89.36,0.0,17.61,2.18,5.53,71.28,0.01,30.0,109
2012-12-28,0.0,0.0,0.0,0.0,0.0,0,0.17,1.86,89.36,0.0,17.61,2.18,5.53,71.28,0.01,30.0,109
2013-01-04,55.0,0.0,0.0,0.0,7.0,63,2.75,3.61,80.65,0.0,21.99,2.53,5.14,72.7,0.01,28.61,109
2013-01-11,0.0,0.0,0.0,0.0,0.0,0,2.75,3.61,80.65,0.0,21.99,2.53,5.14,72.7,0.01,28.61,109
2013-01-18,0.0,0.0,0.0,0.0,1.0,2,3.08,4.04,90.27,0.0,24.61,2.83,5.76,81.37,0.01,32.03,122
2013-01-25,38.0,0.0,58.0,0.0,0.0,96,3.08,4.04,90.27,0.0,24.61,2.83,5.76,81.37,0.01,32.03,122
2013-02-01,9.0,0.0,0.0,0.0,45.0,54,0.31,6.38,67.15,0.0,48.16,2.7,5.03,84.4,0.0,29.86,122
2013-02-08,0.0,0.0,0.0,0.0,46.0,47,0.31,6.38,67.15,0.0,48.16,2.7,5.03,84.4,0.0,29.86,122
2013-02-15,13.0,0.0,0.0,0.0,31.0,45,0.31,6.38,67.15,0.0,48.16,2.7,5.03,84.4,0.0,29.86,122
2013-02-22,32.0,0.0,0.0,0.0,45.0,77,0.37,7.53,79.26,0.0,56.84,3.19,5.93,99.62,0.01,35.25,144
2013-03-01,0.0,0.0,4.0,0.0,20.0,23,4.54,5.21,91.59,0.0,42.67,3.72,5.37,101.5,0.01,33.41,144
2013-03-08,34.0,0.0,0.0,0.0,0.0,34,4.54,5.21,91.59,0.0,42.67,3.72,5.37,101.5,0.01,33.41,144
2013-03-15,44.0,0.0,0.0,0.0,0.0,44,4.19,4.81,84.6,0.0,39.41,3.44,4.96,93.75,0.0,30.85,133
2013-03-22,4.0,0.0,0.0,0.0,0.0,4,4.19,4.81,84.6,0.0,39.41,3.44,4.96,93.75,0.0,30.85,133
2013-03-29,0.0,0.0,0.0,0.0,0.0,0,4.19,4.81,84.6,0.0,39.41,3.44,4.96,93.75,0.0,30.85,133
2013-04-05,0.0,0.0,0.0,0.0,0.0,0,1.81,16.92,88.8,0.0,25.47,1.51,4.59,97.62,0.0,29.28,133
2013-04-12,37.0,0.0,0.0,0.0,46.0,83,1.81,16.92,88.8,0.0,25.47,1.51,4.59,97.62,0.0,29.28,133
2013-04-19,9.0,0.0,0.0,0.0,28.0,37,1.42,13.23,69.43,0.0,19.92,1.18,3.59,76.33,0.0,22.89,104
2013-04-26,0.0,0.0,0.0,0.0,0.0,0,1.42,13.23,69.43,0.0,19.92,1.18,3.59,76.33,0.0,22.89,104
2013-05-03,21.0,0.0,0.0,0.0,0.0,21,4.03,1.68,80.64,0.0,17.66,1.65,3.19,75.78,0.0,23.37,104
2013-05-10,0.0,0.0,0.0,0.0,34.0,35,4.03,1.68,80.64,0.0,17.66,1.65,3.19,75.78,0.0,23.37,104
2013-05-17,35.0,0.0,0.0,0.0,0.0,35,4.11,1.71,82.19,0.0,17.99,1.69,3.26,77.24,0.0,23.82,106
2013-05-24,13.0,0.0,0.0,0.0,33.0,46,4.11,1.71,82.19,0.0,17.99,1.69,3.26,77.24,0.0,23.82,106
2013-05-31,0.0,0.0,0.0,0.0,136.0,136,4.11,1.71,82.19,0.0,17.99,1.69,3.26,77.24,0.0,23.82,106
2013-06-07,7.0,0.0,0.0,0.0,69.0,76,0.14,6.01,84.67,0.0,15.19,1.92,4.85,75.42,0.0,23.81,106
2013-06-14,12.0,0.0,0.0,0.0,58.0,70,0.14,6.01,84.67,0.0,15.19,1.92,4.85,75.42,0.0,23.81,106
2013-06-21,26.0,0.0,0.0,0.0,83.0,108,0.15,6.46,91.06,0.0,16.33,2.07,5.21,81.11,0.0,25.61,114
2013-06-28,1.0,0.0,0.0,0.0,73.0,73,0.15,6.46,91.06,0.0,16.33,2.07,5.21,81.11,0.0,25.61,114
2013-07-05,1.0,0.0,0.0,0.0,46.0,47,0.95,6.5,85.26,0.05,21.24,2.11,5.08,81.51,0.0,25.31,114
2013-07-12,37.0,0.0,0.0,0.0,62.0,99,0.95,6.5,85.26,0.05,21.24,2.11,5.08,81.51,0.0,25.31,114
2013-07-19,1.0,0.0,0.0,0.0,45.0,46,0.98,6.73,88.25,0.05,21.98,2.18,5.26,84.37,0.0,26.2,118
2013-07-26,1.0,0.0,0.0,0.0,5.0,6,0.98,6.73,88.25,0.05,21.98,2.18,5.26,84.37,0.0,26.2,118
2013-08-02,5.0,0.0,0.0,0.0,58.0,63,0.14,1.9,99.87,0.04,16.06,2.21,6.33,83.59,0.0,25.87,118
2013-08-09,106.0,0.0,0.0,0.0,87.0,193,0.14,1.9,99.87,0.04,16.06,2.21,6.33,83.59,0.0,25.87,118
2013-08-16,39.0,0.0,0.0,0.0,16.0,55,0.17,2.33,122.72,0.05,19.74,2.72,7.77,102.72,0.0,31.79,145
2013-08-23,83.0,0.0,0.0,0.0,34.0,117,0.17,2.33,122.72,0.05,19.74,2.72,7.77,102.72,0.0,31.79,145
2013-08-30,132.0,0.0,0.0,0.0,16.0,148,0.17,2.33,122.72,0.05,19.74,2.72,7.77,102.72,0.0,31.79,145
2013-09-06,44.0,0.0,0.0,0.0,41.0,85,0.14,3.02,103.66,0.0,38.18,2.24,8.48,102.86,0.01,31.41,145
2013-09-13,36.0,0.0,0.0,0.0,31.0,67,0.14,3.02,103.66,0.0,38.18,2.24,8.48,102.86,0.01,31.41,145
2013-09-20,47.0,0.0,0.0,0.0,49.0,96,0.13,2.92,100.09,0.0,36.86,2.16,8.19,99.31,0.01,30.32,140
2013-09-27,43.0,0.0,0.0,0.0,30.0,73,0.13,2.92,100.09,0.0,36.86,2.16,8.19,99.31,0.01,30.32,140
2013-10-04,35.0,0.0,0.0,0.0,10.0,45,8.96,20.7,87.87,0.0,22.47,1.91,6.99,105.62,0.02,25.46,140
2013-10-11,26.0,0.0,0.0,0.0,24.0,50,8.96,20.7,87.87,0.0,22.47,1.91,6.99,105.62,0.02,25.46,140
2013-10-18,44.0,0.0,0.0,0.0,8.0,52,8.96,20.7,87.87,0.0,22.47,1.91,6.99,105.62,0.02,25.46,140
2013-10-25,41.0,0.0,0.0,0.0,39.0,80,10.56,24.4,103.56,0.0,26.48,2.25,8.24,124.48,0.02,30.01,165
2013-11-01,33.0,0.0,0.0,0.0,19.0,53,0.22,16.73,125.36,0.0,22.69,1.51,7.85,126.34,0.02,29.28,165
2013-11-08,39.0,0.0,0.0,0.0,16.0,55,0.22,16.73,125.36,0.0,22.69,1.51,7.85,126.34,0.02,29.28,165
2013-11-15,61.0,0.0,0.0,0.0,16.0,77,0.22,16.73,125.36,0.0,22.69,1.51,7.85,126.34,0.02,29.28,165
2013-11-22,41.0,0.0,0.0,0.0,82.0,123,0.17,12.78,95.73,0.0,17.33,1.15,5.99,96.48,0.02,22.36,126
2013-11-29,18.0,0.0,0.0,0.0,0.0,18,0.17,12.78,95.73,0.0,17.33,1.15,5.99,96.48,0.02,22.36,126
2013-12-06,25.0,0.0,0.0,0.0,0.0,25,0.21,18.16,87.76,0.0,19.88,2.11,6.45,95.64,0.02,21.78,126
2013-12-13,62.0,0.0,0.0,0.0,1.0,63,0.21,18.16,87.76,0.0,19.88,2.11,6.45,95.64,0.02,21.78,126
2013-12-20,1.0,0.0,0.0,0.0,45.0,46,0.21,17.72,85.67,0.0,19.4,2.06,6.3,93.36,0.02,21.26,123
2013-12-27,31.0,0.0,0.0,0.0,0.0,31,0.21,17.72,85.67,0.0,19.4,2.06,6.3,93.36,0.02,21.26,123
2014-01-03,61.0,0.0,0.0,0.0,0.0,61,1.32,25.68,55.18,0.0,40.82,1.36,8.04,93.14,0.02,20.45,123
2014-01-10,48.0,0.0,0.0,0.0,0.0,48,1.32,25.68,55.18,0.0,40.82,1.36,8.04,93.14,0.02,20.45,123
2014-01-17,58.0,0.0,0.0,0.0,1.0,59,1.32,25.68,55.18,0.0,40.82,1.36,8.04,93.14,0.02,20.45,123
2014-01-24,32.0,0.0,0.0,0.0,45.0,77,1.67,32.56,69.99,0.0,51.78,1.72,10.2,118.13,0.02,25.93,156
2014-01-31,16.0,0.0,0.0,0.0,0.0,16,1.67,32.56,69.99,0.0,51.78,1.72,10.2,118.13,0.02,25.93,156
2014-02-07,98.0,0.0,0.0,0.0,0.0,98,0.65,7.48,130.46,0.0,17.41,1.68,12.97,115.07,0.02,26.26,156
2014-02-14,94.0,0.0,0.0,0.0,0.0,94,0.65,7.48,130.46,0.0,17.41,1.68,12.97,115.07,0.02,26.26,156
2014-02-21,15.0,0.0,0.0,0.0,43.0,58,0.72,8.34,145.52,0.0,19.41,1.87,14.46,128.35,0.02,29.29,174
2014-02-28,10.0,0.0,0.0,0.0,0.0,10,0.72,8.34,145.52,0.0,19.41,1.87,14.46,128.35,0.02,29.29,174
2014-03-07,84.0,0.0,0.0,0.0,0.0,84,2.86,19.93,102.38,0.0,48.83,1.93,18.07,121.35,0.01,32.64,174
2014-03-14,8.0,0.0,0.0,0.0,0.0,8,2.86,19.93,102.38,0.0,48.83,1.93,18.07,121.35,0.01,32.64,174
2014-03-21,96.0,0.0,0.0,0.0,0.0,96,2.86,19.93,102.38,0.0,48.83,1.93,18.07,121.35,0.01,32.64,174
2014-03-28,106.0,0.0,0.0,0.0,1.0,107,2.22,15.46,79.44,0.0,37.89,1.5,14.02,94.15,0.01,25.32,135
2014-04-04,129.0,0.0,0.0,0.0,0.0,129,0.55,37.44,75.79,0.0,21.22,1.65,15.4,92.63,0.0,25.32,135
2014-04-11,218.0,0.0,0.0,0.0,0.0,218,0.55,37.44,75.79,0.0,21.22,1.65,15.4,92.63,0.0,25.32,135
2014-04-18,52.0,0.0,0.0,0.0,78.0,130,0.55,37.44,75.79,0.0,21.22,1.65,15.4,92.63,0.0,25.32,135
2014-04-25,15.0,0.0,0.0,0.0,0.0,15,0.5,33.84,68.49,0.0,19.18,1.49,13.92,83.71,0.0,22.88,122
2014-05-02,79.0,0.0,0.0,0.0,45.0,124,1.76,7.98,93.15,0.0,19.11,1.76,15.55,81.45,0.0,23.25,122
2014-05-09,73.0,0.0,0.0,0.0,0.0,73,1.76,7.98,93.15,0.0,19.11,1.76,15.55,81.45,0.0,23.25,122
2014-05-16,78.0,0.0,0.0,0.0,0.0,78,1.76,7.98,93.15,0.0,19.11,1.76,15.55,81.45,0.0,23.25,122
2014-05-23,25.0,0.0,0.0,0.0,112.0,137,1.78,8.04,93.91,0.0,19.27,1.77,15.68,82.11,0.0,23.44,123
2014-05-30,17.0,0.0,0.0,0.0,17.0,34,1.78,8.04,93.91,0.0,19.27,1.77,15.68,82.11,0.0,23.44,123
2014-06-06,82.0,0.0,0.0,0.0,10.0,92,8.37,8.21,92.79,0.0,13.63,0.71,17.5,81.29,0.0,23.5,123
2014-06-13,17.0,0.0,0.0,0.0,11.0,28,8.37,8.21,92.79,0.0,13.63,0.71,17.5,81.29,0.0,23.5,123
2014-06-20,76.0,0.0,0.0,0.0,120.0,196,7.62,7.47,84.49,0.0,12.41,0.65,15.93,74.02,0.0,21.4,112
2014-06-27,88.0,0.0,0.0,0.0,66.0,154,7.62,7.47,84.49,0.0,12.41,0.65,15.93,74.02,0.0,21.4,112
2014-07-04,13.0,0.0,0.0,0.0,90.0,103,4.81,11.89,78.2,0.02,17.09,0.93,15.41,73.63,0.0,22.03,112
2014-07-11,27.0,0.0,0.0,0.0,44.0,71,4.81,11.89,78.2,0.02,17.09,0.93,15.41,73.63,0.0,22.03,112
2014-07-18,82.0,0.0,0.0,0.0,40.0,122,4.81,11.89,78.2,0.02,17.09,0.93,15.41,73.63,0.0,22.03,112
2014-07-25,19.0,0.0,0.0,0.0,7.0,26,5.63,13.9,91.46,0.02,19.98,1.09,18.02,86.12,0.0,25.77,131
2014-08-01,6.0,0.0,0.0,0.0,0.0,6,0.78,11.99,104.02,0.0,14.22,2.71,16.15,87.06,0.0,25.08,131
2014-08-08,55.0,0.0,0.0,0.0,25.0,79,0.78,11.99,104.02,0.0,14.22,2.71,16.15,87.06,0.0,25.08,131
2014-08-15,7.0,0.0,0.0,0.0,23.0,29,0.78,11.99,104.02,0.0,14.22,2.71,16.15,87.06,0.0,25.08,131
2014-08-22,34.0,0.0,0.0,0.0,0.0,34,0.8,12.45,107.99,0.0,14.76,2.81,16.76,90.39,0.0,26.04,136
2014-08-29,42.0,0.0,0.0,0.0,2.0,44,0.8,12.45,107.99,0.0,14.76,2.81,16.76,90.39,0.0,26.04,136
2014-09-05,77.0,0.0,0.0,0.0,29.0,106,1.09,16.08,85.92,0.0,32.91,3.72,14.47,95.89,0.0,21.92,136
2014-09-12,197.0,0.0,0.0,0.0,96.0,293,1.09,16.08,85.92,0.0,32.91,3.72,14.47,95.89,0.0,21.92,136
2014-09-19,55.0,0.0,0.0,0.0,48.0,103,1.09,16.08,85.92,0.0,32.91,3.72,14.47,95.89,0.0,21.92,136
2014-09-26,19.0,0.0,0.0,0.0,0.0,19,1.31,19.39,103.61,0.0,39.69,4.48,17.44,115.63,0.01,26.44,164
2014-10-03,53.0,0.0,0.0,0.0,4.0,57,1.07,33.05,93.93,0.0,35.95,4.23,18.21,115.9,0.01,25.65,164
2014-10-10,67.0,0.0,0.0,0.0,25.0,92,1.07,33.05,93.93,0.0,35.95,4.23,18.21,115.9,0.01,25.65,164
2014-10-17,42.0,0.0,0.0,0.0,61.0,102,1.07,33.05,93.93,0.0,35.95,4.23,18.21,115.9,0.01,25.65,164
2014-10-24,31.0,0.0,0.0,0.0,0.0,31,1.16,35.67,101.37,0.0,38.8,4.57,19.65,125.09,0.01,27.69,177
2014-10-31,85.0,0.0,0.0,0.0,14.0,100,1.16,35.67,101.37,0.0,38.8,4.57,19.65,125.09,0.01,27.69,177
2014-11-07,23.0,0.0,0.0,0.0,22.0,45,0.31,14.87,122.42,0.0,39.4,4.38,19.74,126.32,0.01,26.56,177
2014-11-14,77.0,0.0,0.0,0.0,45.0,122,0.31,14.87,122.42,0.0,39.4,4.38,19.74,126.32,0.01,26.56,177
2014-11-21,74.0,0.0,0.0,0.0,0.0,74,0.26,12.18,100.28,0.0,32.28,3.58,16.17,103.48,0.0,21.76,145
2014-11-28,47.0,0.0,0.0,0.0,0.0,47,0.26,12.18,100.28,0.0,32.28,3.58,16.17,103.48,0.0,21.76,145
2014-12-05,73.0,0.0,0.0,0.0,0.0,73,0.57,24.63,95.32,0.0,24.48,3.39,16.15,101.88,0.0,23.57,145
2014-12-12,47.0,0.0,0.0,0.0,0.0,47,0.57,24.63,95.32,0.0,24.48,3.39,16.15,101.88,0.0,23.57,145
2014-12-19,98.0,0.0,0.0,0.0,45.0,143,0.59,25.48,98.61,0.0,25.32,3.51,16.71,105.39,0.0,24.38,150
2014-12-26,129.0,0.0,0.0,0.0,0.0,129,0.59,25.48,98.61,0.0,25.32,3.51,16.71,105.39,0.0,24.38,150
2015-01-02,150.0,0.0,0.0,0.0,0.0,150,1.53,19.82,116.87,0.0,11.79,3.16,17.02,103.78,0.0,26.03,150
2015-01-09,81.0,0.0,0.0,0.0,37.0,118,1.53,19.82,116.87,0.0,11.79,3.16,17.02,103.78,0.0,26.03,150
2015-01-16,146.0,0.0,0.0,0.0,8.0,154,1.53,19.82,116.87,0.0,11.79,3.16,17.02,103.78,0.0,26.03,150
2015-01-23,55.0,0.0,0.0,0.0,27.0,82,1.64,21.27,125.44,0.0,12.65,3.39,18.27,111.39,0.0,27.94,161
2015-01-30,124.0,0.0,0.0,0.0,0.0,124,1.64,21.27,125.44,0.0,12.65,3.39,18.27,111.39,0.0,27.94,161
2015-02-06,117.0,0.0,0.0,0.0,0.0,117,0.45,11.43,119.89,0.0,29.23,1.98,20.57,109.25,0.0,29.19,161
2015-02-13,164.0,0.0,0.0,0.0,14.0,178,0.45,11.43,119.89,0.0,29.23,1.98,20.57,109.25,0.0,29.19,161
2015-02-20,8.0,0.0,0.0,0.0,69.0,77,0.42,10.72,112.45,0.0,27.42,1.86,19.29,102.47,0.0,27.38,151
2015-02-27,125.0,0.0,0.0,0.0,13.0,138,0.42,10.72,112.45,0.0,27.42,1.86,19.29,102.47,0.0,27.38,151
2015-03-06,1.0,0.0,0.0,0.0,45.0,46,0.85,32.88,85.75,0.0,31.52,0.94,20.03,105.17,0.0,24.86,151
2015-03-13,97.0,0.0,0.0,0.0,114.0,211,0.85,32.88,85.75,0.0,31.52,0.94,20.03,105.17,0.0,24.86,151
2015-03-20,71.0,0.0,0.0,0.0,47.0,118,0.93,35.92,93.7,0.0,34.45,1.03,21.89,114.92,0.0,27.16,165
2015-03-27,69.0,0.0,0.0,0.0,0.0,69,0.93,35.92,93.7,0.0,34.45,1.03,21.89,114.92,0.0,27.16,165
2015-04-03,174.0,0.0,0.0,0.0,0.0,174,0.23,33.86,111.8,0.0,19.12,0.95,21.59,113.05,0.0,29.41,165
2015-04-10,114.0,0.0,0.0,0.0,84.0,198,0.23,33.86,111.8,0.0,19.12,0.95,21.59,113.05,0.0,29.41,165
2015-04-17,32.0,0.0,0.0,0.0,45.0,77,0.23,33.86,111.8,0.0,19.12,0.95,21.59,113.05,0.0,29.41,165
2015-04-24,152.0,0.0,0.0,0.0,45.0,197,0.26,38.58,127.38,0.0,21.78,1.08,24.6,128.81,0.0,33.51,188
2015-05-01,80.0,0.0,0.0,0.0,0.0,80,0.33,30.76,133.32,0.0,23.59,1.03,27.16,126.94,0.0,32.87,188
2015-05-08,112.0,0.0,0.0,0.0,58.0,170,0.33,30.76,133.32,0.0,23.59,1.03,27.16,126.94,0.0,32.87,188
2015-05-15,74.0,0.0,0.0,0.0,155.0,229,0.33,30.76,133.32,0.0,23.59,1.03,27.16,126.94,0.0,32.87,188
2015-05-22,97.0,0.0,0.0,0.0,59.0,156,0.28,26.18,113.46,0.0,20.07,0.87,23.11,108.04,0.0,27.98,160
2015-05-29,132.0,0.0,0.0,0.0,45.0,178,0.28,26.18,113.46,0.0,20.07,0.87,23.11,108.04,0.0,27.98,160
2015-06-05,96.0,0.0,0.0,0.0,76.0,172,0.47,13.38,119.12,0.0,27.02,0.73,23.09,111.13,0.0,25.05,160
2015-06-12,66.0,0.0,0.0,0.0,75.0,142,0.47,13.38,119.12,0.0,27.02,0.73,23.09,111.13,0.0,25.05,160
2015-06-19,12.0,0.0,0.0,0.0,97.0,109,0.43,12.05,107.21,0.0,24.32,0.66,20.78,100.02,0.0,22.55,144
2015-06-26,115.0,0.0,0.0,0.0,169.0,284,0.43,12.05,107.21,0.0,24.32,0.66,20.78,100.02,0.0,22.55,144
2015-07-03,63.0,0.0,0.0,0.0,73.0,137,0.36,21.64,101.1,0.0,20.9,0.68,22.65,100.35,0.0,20.32,144
2015-07-10,32.0,0.0,0.0,0.0,135.0,167,0.36,21.64,101.1,0.0,20.9,0.68,22.65,100.35,0.0,20.32,144
2015-07-17,147.0,0.0,0.0,0.0,75.0,221,0.36,21.64,101.1,0.0,20.9,0.68,22.65,100.35,0.0,20.32,144
2015-07-24,44.0,0.0,0.0,0.0,94.0,138,0.36,21.64,101.1,0.0,20.9,0.68,22.65,100.35,0.0,20.32,144
2015-07-31,68.0,0.0,0.0,0.0,86.0,155,0.37,22.39,104.61,0.0,21.62,0.7,23.44,103.84,0.0,21.02,149
2015-08-07,27.0,0.0,0.0,0.0,0.0,27,0.31,2.81,124.08,0.0,21.79,0.68,21.64,105.71,0.0,20.97,149
2015-08-14,75.0,0.0,0.0,0.0,69.0,144,0.31,2.81,124.08,0.0,21.79,0.68,21.64,105.71,0.0,20.97,149
2015-08-21,25.0,0.0,0.0,0.0,111.0,135,0.28,2.51,110.76,0.0,19.45,0.61,19.32,94.36,0.0,18.72,133
2015-08-28,32.0,0.0,0.0,0.0,147.0,179,0.28,2.51,110.76,0.0,19.45,0.61,19.32,94.36,0.0,18.72,133
2015-09-04,44.0,0.0,0.0,0.0,132.0,176,0.14,2.35,113.04,0.0,17.47,0.37,19.88,91.87,0.0,20.89,133
2015-09-11,23.0,0.0,0.0,0.0,22.0,45,0.14,2.35,113.04,0.0,17.47,0.37,19.88,91.87,0.0,20.89,133
2015-09-18,51.0,0.0,0.0,0.0,0.0,51,0.14,2.35,113.04,0.0,17.47,0.37,19.88,91.87,0.0,20.89,133
2015-09-25,20.0,0.0,0.0,0.0,7.0,27,0.15,2.53,121.54,0.0,18.78,0.4,21.37,98.77,0.0,22.46,143
2015-10-02,37.0,0.0,0.0,0.0,8.0,45,0.31,25.47,93.54,0.0,23.68,0.38,20.4,100.65,0.0,21.56,143
2015-10-09,75.0,0.0,0.0,0.0,48.0,123,0.31,25.47,93.54,0.0,23.68,0.38,20.4,100.65,0.0,21.56,143
2015-10-16,20.0,0.0,0.0,0.0,7.0,27,0.31,25.47,93.54,0.0,23.68,0.38,20.4,100.65,0.0,21.56,143
2015-10-23,121.0,0.0,0.0,0.0,60.0,181,0.35,28.85,105.97,0.0,26.82,0.44,23.11,114.02,0.0,24.43,162
2015-10-30,15.0,0.0,0.0,0.0,0.0,15,0.35,28.85,105.97,0.0,26.82,0.44,23.11,114.02,0.0,24.43,162
2015-11-06,61.0,0.0,0.0,0.0,48.0,109,0.37,44.12,102.82,0.0,14.7,0.31,17.79,121.52,0.0,22.38,162
2015-11-13,8.0,0.0,0.0,0.0,48.0,56,0.37,44.12,102.82,0.0,14.7,0.31,17.79,121.52,0.0,22.38,162
2015-11-20,54.0,0.0,0.0,0.0,97.0,151,0.33,39.49,92.03,0.0,13.15,0.28,15.93,108.76,0.0,20.03,145
2015-11-27,48.0,0.0,0.0,0.0,0.0,48,0.33,39.49,92.03,0.0,13.15,0.28,15.93,108.76,0.0,20.03,145
2015-12-04,18.0,0.0,0.0,0.0,89.0,107,0.51,26.94,92.19,0.0,25.36,0.3,14.32,109.13,0.0,21.25,145
2015-12-11,105.0,0.0,0.0,0.0,93.0,198,0.51,26.94,92.19,0.0,25.36,0.3,14.32,109.13,0.0,21.25,145
2015-12-18,20.0,0.0,0.0,0.0,45.0,65,0.5,26.38,90.28,0.0,24.84,0.3,14.02,106.87,0.0,20.81,142
2015-12-25,24.0,0.0,0.0,0.0,10.0,34,0.5,26.38,90.28,0.0,24.84,0.3,14.02,106.87,0.0,20.81,142
2016-01-01,57.0,0.0,0.0,0.0,19.0,76,0.33,22.4,110.97,0.0,8.29,0.31,17.61,104.42,0.0,19.66,142
2016-01-08,15.0,0.0,0.0,0.0,49.0,63,0.33,22.4,110.97,0.0,8.29,0.31,17.61,104.42,0.0,19.66,142
2016-01-15,177.0,0.0,0.0,0.0,90.0,266,0.33,22.4,110.97,0.0,8.29,0.31,17.61,104.42,0.0,19.66,142
2016-01-22,120.0,0.0,0.0,0.0,271.0,392,0.33,22.4,110.97,0.0,8.29,0.31,17.61,104.42,0.0,19.66,142
2016-01-29,13.0,0.0,0.0,0.0,17.0,31,0.33,22.4,110.97,0.0,8.29,0.31,17.61,104.42,0.0,19.66,142
2016-02-05,67.0,0.0,0.0,0.0,43.0,110,0.43,17.59,106.96,0.0,17.02,0.32,19.9,101.93,0.0,19.86,142
2016-02-12,98.0,0.0,0.0,0.0,0.0,98,0.43,17.59,106.96,0.0,17.02,0.32,19.9,101.93,0.0,19.86,142
2016-02-19,67.0,0.0,0.0,0.0,49.0,115,0.43,17.59,106.96,0.0,17.02,0.32,19.9,101.93,0.0,19.86,142
2016-02-26,175.0,0.0,0.0,0.0,66.0,241,0.49,20.07,122.02,0.0,19.42,0.37,22.7,116.28,0.0,22.65,162
2016-03-04,104.0,0.0,0.0,0.0,79.0,183,0.58,13.43,134.02,0.0,13.97,0.36,22.99,118.93,0.0,19.71,162
2016-03-11,58.0,0.0,0.0,0.0,134.0,191,0.58,13.43,134.02,0.0,13.97,0.36,22.99,118.93,0.0,19.71,162
2016-03-18,111.0,0.0,0.0,0.0,51.0,162,0.58,13.43,134.02,0.0,13.97,0.36,22.99,118.93,0.0,19.71,162
2016-03-25,7.0,0.0,0.0,0.0,76.0,83,0.58,13.43,134.02,0.0,13.97,0.36,22.99,118.93,0.0,19.71,162
2016-04-01,91.0,0.0,0.0,0.0,0.0,91,9.65,1.77,144.45,0.0,18.14,0.42,27.54,125.59,0.0,20.45,174
2016-04-08,105.0,0.0,0.0,0.0,179.0,284,9.65,1.77,144.45,0.0,18.14,0.42,27.54,125.59,0.0,20.45,174
2016-04-15,25.0,0.0,0.0,0.0,6.0,31,9.65,1.77,144.45,0.0,18.14,0.42,27.54,125.59,0.0,20.45,174
2016-04-22,53.0,0.0,0.0,0.0,50.0,103,9.43,1.73,141.13,0.0,17.72,0.41,26.91,122.7,0.0,19.98,170
2016-04-29,32.0,0.0,0.0,0.0,59.0,92,9.43,1.73,141.13,0.0,17.72,0.41,26.91,122.7,0.0,19.98,170
2016-05-06,44.0,0.0,0.0,0.0,106.0,150,0.65,10.0,138.89,0.0,20.45,0.47,29.16,121.48,0.0,18.88,170
2016-05-13,97.0,0.0,0.0,0.0,178.0,275,0.65,10.0,138.89,0.0,20.45,0.47,29.16,121.48,0.0,18.88,170
2016-05-20,43.0,0.0,0.0,0.0,87.0,130,0.65,10.0,138.89,0.0,20.45,0.47,29.16,121.48,0.0,18.88,170
2016-05-27,38.0,0.0,0.0,0.0,165.0,203,0.59,8.94,124.19,0.0,18.28,0.42,26.07,108.62,0.0,16.88,152
2016-06-03,7.0,0.0,0.0,0.0,129.0,135,0.35,23.11,105.33,0.0,23.21,1.72,22.02,112.54,0.0,15.73,152
2016-06-10,62.0,0.0,0.0,0.0,101.0,162,0.35,23.11,105.33,0.0,23.21,1.72,22.02,112.54,0.0,15.73,152
2016-06-17,41.0,0.0,0.0,0.0,39.0,80,0.35,23.11,105.33,0.0,23.21,1.72,22.02,112.54,0.0,15.73,152
2016-06-24,40.0,0.0,0.0,0.0,157.0,197,0.31,20.98,95.63,0.0,21.07,1.56,19.99,102.17,0.0,14.28,138
2016-07-01,25.0,0.0,0.0,0.0,0.0,25,0.37,2.76,113.76,0.0,21.1,1.6,14.49,106.87,0.0,15.04,138
2016-07-08,28.0,0.0,0.0,0.0,68.0,95,0.37,2.76,113.76,0.0,21.1,1.6,14.49,106.87,0.0,15.04,138
2016-07-15,99.0,0.0,0.0,0.0,226.0,326,0.37,2.76,113.76,0.0,21.1,1.6,14.49,106.87,0.0,15.04,138
2016-07-22,21.0,0.0,0.0,0.0,172.0,192,0.42,3.12,128.6,0.0,23.85,1.81,16.38,120.81,0.0,17.0,156
2016-07-29,49.0,0.0,0.0,0.0,49.0,98,0.42,3.12,128.6,0.0,23.85,1.81,16.38,120.81,0.0,17.0,156
2016-08-05,46.0,0.0,0.0,0.0,32.0,78,0.43,3.51,123.84,0.0,28.22,1.72,15.9,121.6,0.0,16.77,156
2016-08-12,44.0,0.0,0.0,0.0,138.0,182,0.43,3.51,123.84,0.0,28.22,1.72,15.9,121.6,0.0,16.77,156
2016-08-19,10.0,0.0,0.0,0.0,34.0,44,0.43,3.51,123.84,0.0,28.22,1.72,15.9,121.6,0.0,16.77,156
2016-08-26,43.0,0.0,0.0,0.0,175.0,218,0.62,5.06,178.62,0.0,40.71,2.48,22.94,175.39,0.0,24.19,225
2016-09-02,64.0,0.0,0.0,0.0,0.0,64,0.16,1.53,78.9,0.0,21.4,1.19,7.96,80.14,0.0,12.71,102
2016-09-09,79.0,0.0,0.0,0.0,100.0,178,0.2,1.94,99.79,0.0,27.07,1.5,10.07,101.36,0.0,16.08,129
2016-09-16,117.0,0.0,0.0,0.0,30.0,148,0.29,2.81,144.65,0.0,39.24,2.17,14.59,146.93,0.0,23.3,187
2016-09-23,14.0,0.0,0.0,0.0,73.0,87,0.36,3.45,177.14,0.0,48.06,2.66,17.87,179.93,0.0,28.54,229
2016-09-30,99.0,0.0,0.0,0.0,101.0,200,0.11,1.05,54.15,0.0,14.69,0.81,5.46,55.0,0.0,8.72,70
2016-10-07,8.0,0.0,0.0,0.0,44.0,52,2.22,7.25,64.89,0.0,13.65,0.99,5.26,69.74,0.0,12.01,88
2016-10-14,57.0,0.0,0.0,0.0,171.0,228,2.44,7.99,71.52,0.0,15.04,1.09,5.8,76.87,0.0,13.24,97
2016-10-21,29.0,0.0,0.0,0.0,62.0,90,2.34,7.66,68.57,0.0,14.42,1.05,5.56,73.7,0.0,12.69,93
2016-10-28,38.0,0.0,0.0,0.0,54.0,93,1.94,6.34,56.78,0.0,11.94,0.87,4.6,61.02,0.0,10.51,77
2016-11-04,27.0,0.0,0.0,0.0,195.0,222,2.36,8.84,60.95,0.0,11.85,0.89,4.2,65.97,0.0,12.94,84
2016-11-11,20.0,0.0,0.0,0.0,80.0,100,2.47,9.26,63.86,0.0,12.41,0.94,4.4,69.11,0.0,13.56,88
2016-11-18,24.0,0.0,0.0,0.0,120.0,143,2.92,10.95,75.47,0.0,14.67,1.11,5.2,81.67,0.0,16.02,104
2016-11-25,19.0,0.0,0.0,0.0,136.0,155,6.87,25.79,177.78,0.0,34.56,2.61,12.25,192.4,0.0,37.75,245
2016-12-02,74.0,0.0,0.0,0.0,240.0,314,0.57,3.95,179.73,0.0,38.75,1.26,13.48,172.15,0.0,36.1,223
2016-12-09,101.0,0.0,0.0,0.0,79.0,179,0.49,3.34,152.33,0.0,32.84,1.07,11.43,145.91,0.0,30.6,189
2016-12-16,29.0,0.0,0.0,0.0,157.0,186,0.71,4.87,221.65,0.0,47.78,1.55,16.62,212.3,0.0,44.52,275
2016-12-23,6.0,0.0,0.0,0.0,19.0,26,0.47,3.26,148.3,0.0,31.97,1.04,11.12,142.05,0.0,29.79,184
2016-12-30,77.0,0.0,0.0,0.0,42.0,119,0.38,2.64,120.09,0.0,25.89,0.84,9.01,115.03,0.0,24.12,149
2017-01-06,43.0,0.0,0.0,0.0,119.0,162,1.02,26.05,131.74,0.0,31.19,1.92,13.11,143.53,0.0,31.44,190
2017-01-13,122.0,0.0,0.0,0.0,108.0,230,0.52,13.16,66.56,0.0,15.76,0.97,6.63,72.52,0.0,15.88,96
2017-01-20,70.0,0.0,0.0,0.0,98.0,167,1.26,32.22,162.94,0.0,38.58,2.37,16.22,177.52,0.0,38.88,235
2017-01-27,19.0,0.0,0.0,0.0,0.0,19,0.96,24.54,124.11,0.0,29.39,1.81,12.35,135.22,0.0,29.62,179
2017-02-03,74.0,0.0,0.0,0.0,133.0,207,1.06,2.12,249.78,0.0,57.04,3.14,13.39,240.92,0.0,52.55,310
2017-02-10,27.0,1.0,0.0,0.0,58.0,86,0.66,1.31,154.7,0.0,35.33,1.95,8.29,149.21,0.0,32.55,192
2017-02-17,43.0,0.0,0.0,0.0,96.0,138,0.5,1.01,118.45,0.0,27.05,1.49,6.35,114.24,0.0,24.92,147
2017-02-24,96.0,0.0,0.0,0.0,60.0,156,0.4,0.79,93.47,0.0,21.34,1.18,5.01,90.15,0.0,19.66,116
2017-03-03,22.0,0.0,0.0,0.0,117.0,139,4.19,1.14,125.6,0.0,24.07,1.61,9.55,117.36,0.0,26.48,155
2017-03-10,65.0,0.0,0.0,0.0,62.0,126,5.11,1.39,153.15,0.0,29.34,1.96,11.65,143.1,0.0,32.29,189
2017-03-17,25.0,0.0,0.0,0.0,79.0,104,5.17,1.41,154.77,0.0,29.65,1.98,11.77,144.61,0.0,32.64,191
2017-03-24,51.0,0.0,0.0,0.0,124.0,176,4.25,1.16,127.22,0.0,24.38,1.63,9.68,118.87,0.0,26.83,157
2017-03-31,42.0,0.0,0.0,0.0,95.0,138,5.27,1.43,158.02,0.0,30.28,2.02,12.02,147.64,0.0,33.32,195
2017-04-07,27.0,0.0,0.0,0.0,54.0,80,4.81,10.55,168.4,0.0,25.24,2.25,12.68,158.34,0.0,35.73,209
2017-04-14,86.0,0.0,0.0,0.0,172.0,258,4.42,9.7,154.7,0.0,23.18,2.07,11.65,145.46,0.0,32.83,192
2017-04-21,94.0,0.0,0.0,0.0,0.0,94,5.64,12.37,197.4,0.0,29.58,2.64,14.87,185.61,0.0,41.89,245
2017-04-28,47.0,0.0,0.0,0.0,127.0,173,2.97,6.51,103.94,0.0,15.58,1.39,7.83,97.73,0.0,22.05,129
2017-05-05,120.0,0.0,0.0,0.0,105.0,225,7.25,6.65,124.25,0.0,21.84,2.4,9.43,122.23,0.0,25.94,160
2017-05-12,33.0,0.0,0.0,0.0,125.0,158,6.3,5.78,107.95,0.0,18.98,2.08,8.19,106.19,0.0,22.54,139
2017-05-19,44.0,0.0,0.0,0.0,126.0,169,4.08,3.74,69.89,0.0,12.29,1.35,5.3,68.76,0.0,14.59,90
2017-05-26,28.0,0.0,0.0,0.0,109.0,137,5.17,4.74,88.53,0.0,15.56,1.71,6.72,87.09,0.0,18.48,114
2017-06-02,17.0,0.0,0.0,0.0,37.0,54,8.88,1.08,171.49,0.0,25.55,3.13,11.28,160.37,0.0,32.21,207
2017-06-09,52.0,0.0,0.0,0.0,69.0,120,5.96,0.73,115.15,0.0,17.16,2.1,7.58,107.69,0.0,21.63,139
2017-06-16,41.0,0.0,0.0,0.0,58.0,99,2.74,0.34,53.02,0.0,7.9,0.97,3.49,49.58,0.0,9.96,64
2017-06-23,20.0,0.0,0.0,0.0,88.0,108,9.14,1.12,176.46,0.0,26.29,3.22,11.61,165.02,0.0,33.15,213
2017-06-30,46.0,0.0,0.0,0.0,79.0,125,5.06,0.62,97.76,0.0,14.56,1.79,6.43,91.42,0.0,18.36,118
2017-07-07,106.0,0.0,0.0,0.0,87.0,193,4.04,0.8,111.86,0.0,31.31,2.62,6.43,115.99,0.0,22.96,148
2017-07-14,27.0,0.0,0.0,0.0,103.0,130,9.52,1.89,263.77,0.0,73.82,6.17,15.16,273.52,0.0,54.14,349
2017-07-21,48.0,0.0,0.0,0.0,205.0,253,3.6,0.72,99.76,0.0,27.92,2.33,5.74,103.45,0.0,20.48,132
2017-07-28,15.0,0.0,0.0,0.0,139.0,154,3.11,0.62,86.16,0.0,24.11,2.01,4.95,89.35,0.0,17.69,114
2017-08-04,32.0,0.0,0.0,0.0,77.0,109,5.92,6.09,106.24,0.0,31.75,3.84,6.04,118.34,0.0,21.78,150
2017-08-11,25.0,0.0,0.0,0.0,69.0,94,8.13,8.36,145.91,0.0,43.6,5.27,8.29,162.52,0.0,29.92,206
2017-08-18,48.0,0.0,0.0,0.0,142.0,190,6.91,7.11,123.95,0.0,37.04,4.48,7.04,138.06,0.0,25.42,175
2017-08-25,151.0,0.0,0.0,0.0,109.0,259,6.39,6.58,114.74,0.0,34.29,4.15,6.52,127.8,0.0,23.53,162
2017-09-01,46.0,0.0,0.0,0.0,0.0,46,0.18,2.6,36.85,0.0,14.36,1.56,1.02,43.04,0.0,8.37,54
2017-09-08,25.0,0.0,0.0,0.0,90.0,115,0.28,3.95,55.96,0.0,21.81,2.38,1.55,65.36,0.0,12.71,82
2017-09-15,153.0,0.0,0.0,0.0,20.0,173,0.09,1.3,18.43,0.0,7.18,0.78,0.51,21.52,0.0,4.19,27
2017-09-22,153.0,0.0,0.0,0.0,140.0,292,0.28,4.0,56.64,0.0,22.08,2.41,1.57,66.15,0.0,12.87,83
2017-09-29,181.0,0.0,0.0,0.0,95.0,277,0.41,5.83,82.58,0.0,32.19,3.51,2.29,96.44,0.0,18.76,121
2017-10-06,28.0,0.0,0.0,0.0,61.0,89,0.05,0.33,33.79,0.0,3.83,1.3,0.92,29.68,0.0,6.1,38
2017-10-13,52.0,0.0,0.0,0.0,20.0,72,0.22,1.44,147.63,0.0,16.71,5.67,4.02,129.66,0.0,26.65,166
2017-10-20,92.0,0.0,0.0,0.0,233.0,326,0.14,0.92,94.27,0.0,10.67,3.62,2.56,82.8,0.0,17.02,106
2017-10-27,119.0,0.0,0.0,0.0,129.0,248,0.16,1.05,107.61,0.0,12.18,4.13,2.93,94.51,0.0,19.43,121
2017-11-03,78.0,0.0,0.0,0.0,135.0,213,0.32,12.87,131.92,0.0,17.89,5.2,4.79,124.83,0.0,28.18,163
2017-11-10,34.0,0.0,0.0,0.0,275.0,309,0.16,6.24,63.94,0.0,8.67,2.52,2.32,60.5,0.0,13.66,79
2017-11-17,108.0,0.0,0.0,0.0,53.0,162,0.21,8.21,84.17,0.0,11.41,3.32,3.06,79.64,0.0,17.98,104
2017-11-24,62.0,0.0,0.0,0.0,20.0,82,0.39,15.39,157.82,0.0,21.4,6.22,5.73,149.33,0.0,33.71,195
2017-12-01,73.0,0.0,0.0,0.0,84.0,157,0.38,0.89,99.25,0.0,20.48,3.55,2.76,93.83,0.0,20.87,121
2017-12-08,15.0,0.0,0.0,0.0,54.0,69,0.36,0.86,95.14,0.0,19.63,3.4,2.64,89.95,0.0,20.0,116
2017-12-15,218.0,0.0,0.0,0.0,97.0,315,0.19,0.44,49.21,0.0,10.16,1.76,1.37,46.53,0.0,10.35,60
2017-12-22,81.0,0.0,0.0,0.0,51.0,132,0.53,1.25,138.62,0.0,28.6,4.96,3.85,131.05,0.0,29.14,169
2017-12-29,152.0,0.0,0.0,0.0,137.0,289,0.17,0.4,44.29,0.0,9.14,1.58,1.23,41.87,0.0,9.31,54
2018-01-05,84.0,0.0,0.0,0.0,50.0,134,9.86,1.39,151.95,0.0,24.81,4.15,5.59,146.86,0.0,31.4,188
2018-01-12,52.0,0.0,0.0,0.0,25.0,77,2.94,0.41,45.26,0.0,7.39,1.24,1.66,43.75,0.0,9.35,56
2018-01-19,22.0,0.0,0.0,0.0,75.0,97,10.86,1.53,167.3,0.0,27.31,4.57,6.15,161.7,0.0,34.57,207
2018-01-26,115.0,0.0,0.0,0.0,82.0,197,4.56,0.64,70.32,0.0,11.48,1.92,2.59,67.96,0.0,14.53,87
2018-02-02,99.0,0.0,0.0,0.0,28.0,127,0.39,0.69,79.15,0.0,16.77,1.4,3.04,75.41,0.0,17.15,97
2018-02-09,55.0,0.0,0.0,0.0,47.0,102,0.33,0.57,66.1,0.0,14.0,1.17,2.54,62.97,0.0,14.32,81
2018-02-16,57.0,0.0,0.0,0.0,20.0,77,0.31,0.55,62.83,0.0,13.31,1.12,2.41,59.86,0.0,13.61,77
2018-02-23,42.0,0.0,0.0,0.0,17.0,59,0.38,0.67,76.7,0.0,16.25,1.36,2.94,73.08,0.0,16.62,94
2018-03-02,73.0,0.0,0.0,0.0,201.0,274,0.65,0.96,162.88,0.0,34.51,3.78,6.42,156.79,0.0,32.02,199
2018-03-09,47.0,0.0,0.0,0.0,52.0,99,0.43,0.64,108.86,0.0,23.06,2.52,4.29,104.79,0.0,21.4,133
2018-03-16,36.0,0.0,0.0,0.0,15.0,51,1.17,1.73,293.85,0.0,62.25,6.81,11.58,282.85,0.0,57.76,359
2018-03-23,88.0,0.0,0.0,0.0,60.0,147,0.63,0.94,158.79,0.0,33.64,3.68,6.26,152.85,0.0,31.21,194
2018-03-30,19.0,0.0,0.0,0.0,119.0,138,0.86,1.27,216.09,0.0,45.78,5.01,8.52,208.0,0.0,42.47,264
2018-04-06,32.0,0.0,0.0,0.0,0.0,32,24.74,1.36,173.01,0.0,19.89,2.75,5.82,176.98,0.0,33.45,219
2018-04-13,70.0,0.0,0.0,0.0,84.0,154,23.5,1.29,164.32,0.0,18.9,2.61,5.53,168.09,0.0,31.77,208
2018-04-20,29.0,0.0,0.0,0.0,30.0,60,28.58,1.57,199.87,0.0,22.98,3.17,6.73,204.46,0.0,38.64,253
2018-04-27,11.0,0.0,0.0,0.0,194.0,205,19.99,1.1,139.83,0.0,16.08,2.22,4.71,143.04,0.0,27.03,177
2018-05-04,31.0,0.0,0.0,0.0,43.0,74,25.65,1.13,142.83,0.0,12.39,2.09,3.53,150.04,0.0,26.34,182
2018-05-11,64.0,0.0,0.0,0.0,74.0,137,30.44,1.34,169.51,0.0,14.71,2.49,4.19,178.07,0.0,31.26,216
2018-05-18,48.0,0.0,0.0,0.0,103.0,150,28.61,1.26,159.31,0.0,13.82,2.34,3.94,167.35,0.0,29.38,203
2018-05-25,37.0,0.0,0.0,0.0,78.0,115,14.52,0.64,80.83,0.0,7.01,1.19,2.0,84.91,0.0,14.91,103
2018-06-01,105.0,0.0,0.0,0.0,45.0,150,0.54,2.12,223.77,0.0,21.58,7.79,4.54,200.88,0.0,34.8,248
2018-06-08,44.0,0.0,0.0,0.0,116.0,159,0.52,2.03,214.74,0.0,20.71,7.47,4.35,192.78,0.0,33.39,238
2018-06-15,83.0,0.0,0.0,0.0,147.0,230,0.59,2.33,246.32,0.0,23.76,8.57,5.0,221.13,0.0,38.31,273
2018-06-22,45.0,0.0,0.0,0.0,7.0,51,0.48,1.88,198.5,0.0,19.14,6.91,4.03,178.2,0.0,30.87,220
2018-06-29,29.0,0.0,0.0,0.0,97.0,126,0.53,2.06,218.35,0.0,21.06,7.6,4.43,196.02,0.0,33.96,242
2018-07-06,96.0,0.0,0.0,0.0,23.0,119,11.17,1.49,183.48,0.0,21.85,12.56,1.39,175.52,0.0,28.53,218
2018-07-13,19.0,0.0,0.0,0.0,152.0,171,11.28,1.51,185.16,0.0,22.05,12.68,1.41,177.13,0.0,28.79,220
2018-07-20,23.0,0.0,0.0,0.0,107.0,130,11.99,1.6,196.95,0.0,23.46,13.48,1.5,188.4,0.0,30.62,234
2018-07-27,29.0,0.0,0.0,0.0,94.0,123,11.99,1.6,196.95,0.0,23.46,13.48,1.5,188.4,0.0,30.62,234
2018-08-03,109.0,0.0,0.0,0.0,0.0,109,9.26,2.65,227.56,0.0,29.53,15.07,1.78,220.28,0.0,31.87,269
2018-08-10,36.0,0.0,0.0,0.0,123.0,158,5.71,1.63,140.43,0.0,18.22,9.3,1.1,135.94,0.0,19.67,166
2018-08-17,61.0,0.0,0.0,0.0,127.0,188,6.71,1.92,164.96,0.0,21.41,10.93,1.29,159.69,0.0,23.1,195
2018-08-24,62.0,0.0,0.0,0.0,135.0,197,7.78,2.22,191.19,0.0,24.81,12.66,1.49,185.07,0.0,26.77,226
2018-08-31,29.0,0.0,0.0,0.0,100.0,129,3.44,0.98,84.6,0.0,10.98,5.6,0.66,81.89,0.0,11.85,100
2018-09-07,43.0,0.0,0.0,0.0,151.0,194,24.54,1.59,159.16,0.0,34.71,12.23,1.44,181.5,0.0,24.83,220
2018-09-14,62.0,0.0,0.0,0.0,213.0,275,19.18,1.24,124.44,0.0,27.14,9.56,1.12,141.9,0.0,19.41,172
2018-09-21,162.0,0.0,0.0,0.0,37.0,199,16.95,1.1,109.97,0.0,23.98,8.45,0.99,125.4,0.0,17.15,152
2018-09-28,109.0,0.0,0.0,0.0,56.0,165,13.5,0.87,87.54,0.0,19.09,6.73,0.79,99.82,0.0,13.66,121
2018-10-05,71.0,0.0,0.0,0.0,95.0,166,16.0,1.12,161.69,0.0,25.19,11.85,1.43,169.18,0.0,21.54,204
2018-10-12,8.0,0.0,0.0,0.0,75.0,83,29.56,2.06,298.82,0.0,46.56,21.9,2.64,312.66,0.0,39.81,377
2018-10-19,6.0,0.0,0.0,0.0,83.0,89,15.29,1.07,154.56,0.0,24.08,11.33,1.36,161.72,0.0,20.59,195
2018-10-26,13.0,0.0,0.0,0.0,87.0,100,19.05,1.33,192.61,0.0,30.01,14.11,1.7,201.53,0.0,25.66,243
2018-11-02,57.0,0.0,0.0,0.0,95.0,152,26.02,1.56,175.0,0.0,25.42,17.06,1.69,186.61,0.0,22.63,228
2018-11-09,13.0,0.0,0.0,0.0,53.0,66,18.15,1.08,122.04,0.0,17.73,11.9,1.18,130.14,0.0,15.78,159
2018-11-16,46.0,0.0,0.0,0.0,74.0,120,25.68,1.54,172.7,0.0,25.09,16.83,1.67,184.16,0.0,22.34,225
2018-11-23,46.0,0.0,0.0,0.0,106.0,152,22.03,1.32,148.14,0.0,21.52,14.44,1.43,157.97,0.0,19.16,193
2018-11-30,28.0,0.0,0.0,0.0,49.0,77,22.25,1.33,149.67,0.0,21.74,14.59,1.45,159.6,0.0,19.36,195
2018-12-07,30.0,0.0,0.0,0.0,114.0,144,22.41,1.44,161.59,0.0,24.56,14.6,1.52,171.74,0.0,22.15,210
2018-12-14,7.0,0.0,0.0,0.0,58.0,65,22.62,1.46,163.13,0.0,24.79,14.74,1.53,173.37,0.0,22.36,212
2018-12-21,17.0,0.0,0.0,0.0,49.0,66,23.37,1.51,168.52,0.0,25.61,15.22,1.58,179.1,0.0,23.1,219
2018-12-28,7.0,0.0,0.0,0.0,18.0,26,27.21,1.75,196.22,0.0,29.82,17.72,1.84,208.54,0.0,26.89,255
2019-01-04,56.0,0.0,0.0,0.0,167.0,223,19.51,1.76,246.98,0.0,25.76,18.64,2.16,239.92,0.0,33.28,294
2019-01-11,10.0,0.0,0.0,0.0,59.0,69,14.27,1.29,180.61,0.0,18.84,13.63,1.58,175.45,0.0,24.34,215
2019-01-18,19.0,0.0,0.0,0.0,86.0,105,16.99,1.53,215.05,0.0,22.43,16.23,1.88,208.91,0.0,28.98,256
2019-01-25,47.0,0.0,0.0,0.0,37.0,84,7.17,0.65,90.73,0.0,9.46,6.85,0.79,88.13,0.0,12.22,108
2019-02-01,114.0,0.0,0.0,0.0,103.0,217,9.96,1.08,148.8,0.0,33.16,15.37,1.37,153.52,0.0,22.74,193
2019-02-08,62.0,0.0,0.0,0.0,107.0,168,13.11,1.42,195.83,0.0,43.64,20.22,1.8,202.05,0.0,29.92,254
2019-02-15,84.0,0.0,0.0,0.0,81.0,165,13.73,1.49,205.08,0.0,45.7,21.18,1.89,211.59,0.0,31.34,266
2019-02-22,117.0,0.0,0.0,0.0,119.0,236,7.12,0.77,106.39,0.0,23.71,10.99,0.98,109.77,0.0,16.26,138
2019-03-01,61.0,0.0,0.0,0.0,68.0,129,12.79,3.94,136.44,0.0,28.84,15.05,1.26,144.69,0.0,21.0,182
2019-03-08,102.0,0.0,0.0,0.0,198.0,300,13.98,4.3,149.19,0.0,31.53,16.45,1.38,158.2,0.0,22.96,199
2019-03-15,111.0,0.0,0.0,0.0,118.0,228,10.82,3.33,115.45,0.0,24.4,12.73,1.07,122.43,0.0,17.77,154
2019-03-22,66.0,0.0,0.0,0.0,142.0,209,14.41,4.43,153.68,0.0,32.48,16.95,1.42,162.97,0.0,23.66,205
2019-03-29,41.0,0.0,0.0,0.0,20.0,61,8.5,2.62,90.71,0.0,19.17,10.0,0.84,96.19,0.0,13.96,121
2019-04-05,102.0,0.0,0.0,0.0,65.0,167,24.76,1.43,164.53,0.0,24.28,18.67,1.35,168.34,0.0,26.64,215
2019-04-12,81.0,0.0,0.0,0.0,197.0,278,29.25,1.69,194.38,0.0,28.68,22.06,1.59,198.88,0.0,31.47,254
2019-04-19,65.0,0.0,0.0,0.0,186.0,251,17.85,1.03,118.62,0.0,17.5,13.46,0.97,121.36,0.0,19.21,155
2019-04-26,48.0,0.0,0.0,0.0,111.0,159,16.47,0.95,109.43,0.0,16.15,12.42,0.89,111.97,0.0,17.72,143
2019-05-03,21.0,0.0,0.0,0.0,83.0,105,33.67,1.67,217.95,0.0,17.71,22.11,2.22,212.98,0.0,33.69,271
2019-05-10,96.0,0.0,0.0,0.0,195.0,292,15.65,0.78,101.34,0.0,8.24,10.28,1.03,99.03,0.0,15.66,126
2019-05-17,84.0,0.0,0.0,0.0,62.0,146,30.81,1.53,199.46,0.0,16.21,20.24,2.03,194.91,0.0,30.83,248
2019-05-24,31.0,0.0,0.0,0.0,47.0,78,22.86,1.13,147.98,0.0,12.03,15.01,1.5,144.61,0.0,22.87,184
2019-05-31,24.0,0.0,0.0,0.0,134.0,158,11.06,0.55,71.58,0.0,5.82,7.26,0.73,69.95,0.0,11.06,89
2019-06-07,36.0,0.0,0.0,0.0,104.0,139,19.75,1.25,168.46,0.0,21.53,18.47,1.81,164.83,0.0,25.9,211
2019-06-14,80.0,0.0,0.0,0.0,178.0,258,21.25,1.35,181.24,0.0,23.16,19.87,1.94,177.33,0.0,27.86,227
2019-06-21,76.0,0.0,0.0,0.0,8.0,84,15.45,0.98,131.74,0.0,16.84,14.44,1.41,128.9,0.0,20.25,165
2019-06-28,28.0,0.0,0.0,0.0,87.0,116,16.76,1.06,142.91,0.0,18.27,15.67,1.53,139.83,0.0,21.97,179
2019-07-05,69.0,0.0,0.0,0.0,134.0,203,13.15,1.23,131.09,0.0,23.53,15.01,1.43,133.05,0.0,19.51,169
2019-07-12,53.0,0.0,0.0,0.0,136.0,190,16.1,1.5,160.57,0.0,28.82,18.39,1.75,162.97,0.0,23.89,207
2019-07-19,95.0,0.0,0.0,0.0,132.0,227,13.93,1.3,138.85,0.0,24.92,15.9,1.52,140.92,0.0,20.66,179
2019-07-26,56.0,0.0,0.0,0.0,147.0,204,20.31,1.89,202.46,0.0,36.34,23.19,2.21,205.48,0.0,30.13,261
2019-08-02,24.0,0.0,0.0,0.0,71.0,95,4.44,0.59,93.56,0.0,9.41,9.34,0.9,85.57,0.0,12.19,108
2019-08-09,103.0,0.0,0.0,0.0,136.0,239,10.77,1.43,226.98,0.0,22.83,22.67,2.18,207.59,0.0,29.57,262
2019-08-16,31.0,0.0,0.0,0.0,114.0,145,11.88,1.58,250.37,0.0,25.18,25.0,2.4,228.98,0.0,32.61,289
2019-08-23,18.0,0.0,0.0,0.0,160.0,179,7.93,1.05,167.2,0.0,16.82,16.7,1.6,152.92,0.0,21.78,193
2019-08-30,136.0,0.0,0.0,0.0,69.0,206,5.92,0.79,124.75,0.0,12.55,12.46,1.2,114.09,0.0,16.25,144
2019-09-06,5.0,0.0,0.0,0.0,75.0,80,30.4,2.02,219.87,0.0,30.71,25.35,2.45,220.25,0.0,34.95,283
2019-09-13,88.0,0.0,0.0,0.0,138.0,226,31.37,2.09,226.86,0.0,31.69,26.16,2.53,227.25,0.0,36.06,292
2019-09-20,63.0,0.0,0.0,0.0,60.0,123,13.96,0.93,101.0,0.0,14.11,11.65,1.13,101.17,0.0,16.05,130
2019-09-27,25.0,0.0,0.0,0.0,85.0,110,23.2,1.54,167.82,0.0,23.44,19.35,1.87,168.11,0.0,26.68,216
2019-10-04,15.0,0.0,0.0,0.0,259.0,274,29.23,2.05,172.14,0.0,27.58,19.61,1.95,184.24,0.0,25.21,231
2019-10-11,24.0,0.0,0.0,0.0,11.0,35,31.0,2.18,182.57,0.0,29.25,20.79,2.06,195.41,0.0,26.73,245
2019-10-18,33.0,0.0,0.0,0.0,239.0,272,20.88,1.47,122.96,0.0,19.7,14.0,1.39,131.6,0.0,18.01,165
2019-10-25,68.0,0.0,0.0,0.0,142.0,210,22.65,1.59,133.39,0.0,21.37,15.19,1.51,142.77,0.0,19.53,179
2019-11-01,39.0,0.0,0.0,0.0,135.0,175,16.26,0.89,106.27,0.0,19.58,13.01,0.92,114.44,0.0,14.64,143
2019-11-08,23.0,0.0,0.0,0.0,122.0,145,26.04,1.42,170.19,0.0,31.35,20.83,1.47,183.26,0.0,23.45,229
2019-11-15,52.0,0.0,0.0,0.0,86.0,138,23.99,1.31,156.81,0.0,28.89,19.19,1.35,168.85,0.0,21.6,211
2019-11-22,55.0,0.0,0.0,0.0,62.0,116,22.06,1.2,144.17,0.0,26.56,17.64,1.24,155.25,0.0,19.86,194
2019-11-29,5.0,0.0,0.0,0.0,258.0,263,30.02,1.64,196.2,0.0,36.14,24.01,1.69,211.27,0.0,27.03,264
2019-12-06,5.0,0.0,0.0,0.0,61.0,66,17.93,0.94,100.82,0.0,21.3,13.18,0.96,112.24,0.0,14.63,141
2019-12-13,55.0,0.0,0.0,0.0,214.0,269,29.13,1.53,163.75,0.0,34.6,21.4,1.56,182.29,0.0,23.75,229
2019-12-20,12.0,0.0,0.0,0.0,73.0,85,33.32,1.75,187.35,0.0,39.59,24.49,1.78,208.55,0.0,27.18,262
2019-12-27,57.0,0.0,0.0,0.0,166.0,223,31.41,1.65,176.62,0.0,37.32,23.09,1.68,196.61,0.0,25.62,247
2020-01-03,73.0,0.0,0.0,0.0,64.0,136,22.05,26.42,221.49,0.0,41.05,28.71,2.11,244.52,0.0,35.66,311
2020-01-10,29.0,0.0,0.0,0.0,0.0,29,12.26,14.7,123.21,0.0,22.83,15.97,1.17,136.02,0.0,19.84,173
2020-01-17,57.0,0.0,0.0,0.0,140.0,197,16.94,20.3,170.21,0.0,31.54,22.06,1.62,187.91,0.0,27.4,239
2020-01-24,37.0,0.0,0.0,0.0,52.0,89,14.75,17.67,148.13,0.0,27.45,19.2,1.41,163.54,0.0,23.85,208
2020-01-31,9.0,0.0,0.0,0.0,71.0,80,21.48,25.74,215.79,0.0,39.99,27.97,2.06,238.23,0.0,34.74,303
2020-02-07,28.0,0.0,0.0,2.0,130.0,159,13.48,1.65,208.27,0.0,27.6,24.73,1.73,193.61,0.0,30.93,251
2020-02-14,36.0,0.0,0.0,2.0,43.0,81,15.31,1.87,236.48,0.0,31.33,28.08,1.96,219.83,0.0,35.12,285
2020-02-21,9.0,0.0,0.0,0.0,34.0,43,13.43,1.64,207.44,0.0,27.49,24.64,1.72,192.84,0.0,30.81,250
2020-02-28,82.0,0.0,0.0,0.0,103.0,184,16.7,2.04,258.06,0.0,34.19,30.65,2.14,239.89,0.0,38.32,311
2020-03-06,69.0,0.0,0.0,0.0,109.0,178,19.91,1.41,136.41,0.0,23.26,17.59,3.51,137.78,0.0,22.13,181
2020-03-13,13.0,0.0,0.0,2.0,143.0,158,30.36,2.15,208.01,0.0,35.47,26.82,5.35,210.09,0.0,33.74,276
2020-03-20,6.0,0.0,0.0,2.0,120.0,127,30.14,2.14,206.51,0.0,35.21,26.62,5.31,208.57,0.0,33.5,274
2020-03-27,18.0,0.0,0.0,4.0,201.0,224,22.77,1.62,156.01,0.0,26.6,20.11,4.01,157.57,0.0,25.31,207
2020-04-03,37.0,0.0,0.0,0.0,158.0,196,0.1,0.67,185.28,0.0,41.96,22.85,4.52,171.76,0.0,28.88,228
2020-04-10,0.0,0.0,0.0,0.0,91.0,91,0.06,0.43,118.64,0.0,26.87,14.63,2.89,109.98,0.0,18.49,146
2020-04-17,15.0,0.0,0.0,0.0,138.0,153,0.05,0.32,87.76,0.0,19.87,10.82,2.14,81.36,0.0,13.68,108
2020-04-24,59.0,0.0,41.0,0.0,67.0,167,0.05,0.37,101.58,0.0,23.0,12.53,2.48,94.17,0.0,15.83,125
2020-05-01,80.0,0.0,45.0,0.0,67.0,192,0.98,1.17,112.05,0.2,17.6,13.26,2.66,98.91,0.0,17.17,132
2020-05-08,106.0,0.0,0.0,0.0,2.0,108,0.7,0.84,79.8,0.14,12.53,9.45,1.89,70.44,0.0,12.23,94
2020-05-15,91.0,0.0,78.0,0.0,156.0,324,0.67,0.8,76.4,0.13,12.0,9.04,1.81,67.44,0.0,11.71,90
2020-05-22,156.0,0.0,33.0,0.0,136.0,325,0.65,0.78,74.7,0.13,11.73,8.84,1.77,65.94,0.0,11.45,88
2020-05-29,60.0,0.0,0.0,0.0,67.0,127,0.95,1.14,108.66,0.19,17.07,12.86,2.58,95.91,0.0,16.65,128
2020-06-05,45.0,0.0,0.0,0.0,0.0,45,5.6,1.71,61.33,0.0,7.37,6.8,1.6,57.31,0.0,10.29,76
2020-06-12,200.0,0.0,0.0,0.0,42.0,242,7.29,2.23,79.88,0.0,9.6,8.85,2.09,74.65,0.0,13.4,99
2020-06-19,89.0,0.0,0.0,0.0,76.0,164,5.74,1.76,62.94,0.0,7.56,6.98,1.65,58.82,0.0,10.56,78
2020-06-26,6.0,0.0,0.0,0.0,168.0,175,4.56,1.4,50.03,0.0,6.01,5.55,1.31,46.75,0.0,8.4,62
2020-07-03,104.0,0.0,0.0,0.0,91.0,195,1.17,1.11,78.45,0.0,8.27,7.34,2.14,67.5,0.0,12.02,89
2020-07-10,73.0,0.0,33.0,0.0,53.0,159,0.58,0.55,38.78,0.0,4.09,3.63,1.06,33.37,0.0,5.94,44
2020-07-17,91.0,0.0,0.0,0.0,156.0,247,0.83,0.79,55.53,0.0,5.85,5.2,1.51,47.78,0.0,8.51,63
2020-07-24,15.0,0.0,0.0,0.0,96.0,111,0.67,0.64,44.96,0.0,4.74,4.21,1.22,38.68,0.0,6.89,51
2020-07-31,89.0,0.0,0.0,0.0,73.0,162,0.73,0.7,49.36,0.0,5.2,4.62,1.34,42.47,0.0,7.56,56
2020-08-07,108.0,0.0,0.0,0.0,102.0,210,0.09,0.51,19.44,0.0,7.96,1.9,0.82,21.69,0.0,3.58,28
2020-08-14,2.0,0.0,0.0,0.0,45.0,47,0.16,0.91,34.72,0.0,14.22,3.4,1.47,38.73,0.0,6.4,50
2020-08-21,57.0,0.0,0.0,0.0,130.0,187,0.25,1.39,53.47,0.0,21.89,5.23,2.27,59.65,0.0,9.85,77
2020-08-28,9.0,0.0,0.0,0.0,68.0,77,0.1,0.58,22.22,0.0,9.1,2.17,0.94,24.79,0.0,4.09,32
2020-09-04,56.0,0.0,0.0,0.0,77.0,132,0.07,0.94,37.02,0.0,7.98,2.86,0.38,37.08,0.0,5.68,46
2020-09-11,131.0,0.0,0.0,0.0,100.0,231,0.09,1.21,47.48,0.0,10.23,3.67,0.48,47.56,0.0,7.29,59
2020-09-18,96.0,0.0,0.0,0.0,100.0,196,0.08,1.11,43.45,0.0,9.36,3.36,0.44,43.53,0.0,6.67,54
2020-09-25,49.0,0.0,0.0,0.0,74.0,123,0.06,0.86,33.8,0.0,7.28,2.61,0.34,33.85,0.0,5.19,42
2020-10-02,54.0,0.0,67.0,0.0,54.0,174,0.25,1.05,65.62,0.0,11.09,4.88,0.76,61.29,0.01,11.06,78
2020-10-09,66.0,0.0,0.0,0.0,194.0,260,0.15,0.64,40.38,0.0,6.82,3.0,0.47,37.72,0.0,6.81,48
2020-10-16,72.0,0.0,0.0,0.0,103.0,175,0.15,0.64,40.38,0.0,6.82,3.0,0.47,37.72,0.0,6.81,48
2020-10-23,86.0,0.0,0.0,0.0,108.0,193,0.16,0.67,42.06,0.0,7.11,3.13,0.49,39.29,0.0,7.09,50
2020-10-30,41.0,0.0,0.0,0.0,0.0,41,0.18,0.77,47.95,0.0,8.1,3.57,0.56,44.79,0.0,8.08,57
2020-11-06,70.0,0.0,15.0,0.0,222.0,307,0.24,0.59,40.96,0.0,10.21,0.81,0.68,42.32,0.01,8.18,52
2020-11-13,18.0,0.0,0.0,2.0,0.0,20,0.44,1.09,75.62,0.0,18.84,1.5,1.25,78.13,0.01,15.11,96
2020-11-20,105.0,0.0,0.0,0.0,106.0,212,0.39,0.97,66.95,0.0,16.68,1.33,1.11,69.18,0.01,13.38,85
2020-11-27,26.0,0.0,0.0,0.0,65.0,90,0.26,0.65,44.9,0.0,11.19,0.89,0.74,46.39,0.01,8.97,57
2020-12-04,40.0,0.0,0.0,0.0,144.0,184,7.84,1.35,99.71,0.0,14.1,2.27,2.02,100.75,0.02,17.95,123
2020-12-11,66.0,0.0,0.0,1.0,50.0,117,5.1,0.88,64.85,0.0,9.17,1.48,1.31,65.53,0.01,11.67,80
2020-12-18,18.0,0.0,0.0,0.0,103.0,121,5.23,0.9,66.47,0.0,9.4,1.51,1.34,67.16,0.01,11.97,82
2020-12-25,47.0,0.0,0.0,1.0,73.0,121,3.32,0.57,42.15,0.0,5.96,0.96,0.85,42.59,0.01,7.59,52
2021-01-01,65.0,0.0,0.0,0.0,84.0,149,0.1,0.43,49.48,0.0,5.99,0.88,0.88,45.28,0.0,8.97,56
2021-01-08,0.0,0.0,0.0,0.0,50.0,50,0.06,0.26,30.04,0.0,3.63,0.53,0.53,27.49,0.0,5.45,34
2021-01-15,100.0,0.0,0.0,0.0,92.0,192,0.1,0.44,50.37,0.0,6.09,0.89,0.89,46.08,0.0,9.13,57
2021-01-22,32.0,0.0,0.0,1.0,214.0,247,0.13,0.56,64.51,0.0,7.8,1.14,1.14,59.02,0.0,11.7,73
2021-01-29,7.0,0.0,0.0,2.0,0.0,9,0.45,1.97,225.33,0.0,27.26,3.99,3.99,206.17,0.0,40.86,255
2021-02-05,36.0,0.0,0.0,3.0,0.0,39,6.1,0.6,31.13,0.0,4.18,0.85,0.57,33.99,0.0,6.6,42
2021-02-12,0.0,0.0,0.0,0.0,43.0,43,17.86,1.75,91.17,0.0,12.23,2.48,1.67,99.54,0.0,19.32,123
2021-02-19,51.0,0.0,0.0,1.0,73.0,125,6.68,0.65,34.09,0.0,4.57,0.93,0.62,37.23,0.0,7.22,46
2021-02-26,21.0,0.0,0.0,0.0,175.0,196,10.89,1.07,55.59,0.0,7.46,1.51,1.02,60.69,0.0,11.78,75
2021-03-05,18.0,0.0,0.0,1.0,45.0,64,4.35,0.73,25.59,0.0,7.34,0.63,0.47,31.06,0.0,5.85,38
2021-03-12,31.0,0.0,0.0,0.0,0.0,32,9.96,1.66,58.58,0.0,16.8,1.44,1.06,71.1,0.0,13.39,87
2021-03-19,19.0,0.0,0.0,0.0,88.0,107,4.24,0.71,24.91,0.0,7.14,0.61,0.45,30.24,0.0,5.7,37
2021-03-26,69.0,0.0,0.0,0.0,179.0,248,6.64,1.11,39.05,0.0,11.2,0.96,0.71,47.4,0.0,8.93,58
2021-04-02,18.0,0.0,0.0,0.0,75.0,93,1.03,0.82,67.68,0.0,30.48,3.74,1.21,81.49,0.0,13.56,100
2021-04-09,32.0,0.0,0.0,1.0,45.0,79,0.96,0.77,63.62,0.0,28.65,3.52,1.14,76.6,0.0,12.74,94
2021-04-16,39.0,0.0,0.0,1.0,91.0,131,0.75,0.6,49.4,0.0,22.25,2.73,0.88,59.49,0.0,9.9,73
2021-04-23,46.0,0.0,0.0,0.0,138.0,184,1.23,0.99,81.21,0.0,36.57,4.49,1.45,97.79,0.0,16.27,120
2021-04-30,103.0,0.0,0.0,0.0,44.0,147,0.8,0.64,52.79,0.0,23.77,2.92,0.94,63.56,0.0,10.58,78
2021-05-07,49.0,0.0,0.0,0.0,128.0,178,11.06,0.07,93.13,0.0,14.74,6.46,1.48,94.22,0.0,16.84,119
2021-05-14,40.0,0.0,0.0,0.0,136.0,176,13.2,0.08,111.13,0.0,17.59,7.71,1.76,112.43,0.0,20.09,142
2021-05-21,86.0,0.0,0.0,2.0,191.0,278,5.76,0.04,48.52,0.0,7.68,3.37,0.77,49.09,0.0,8.77,62
2021-05-28,140.0,0.0,0.0,31.0,90.0,261,5.39,0.03,45.39,0.0,7.19,3.15,0.72,45.92,0.0,8.21,58
2021-06-04,40.0,0.0,0.0,0.0,26.0,66,8.5,0.17,54.27,0.0,18.05,4.28,0.95,62.46,0.0,13.31,81
2021-06-11,139.0,0.0,0.0,0.0,11.0,149,8.19,0.17,52.26,0.0,17.38,4.12,0.92,60.15,0.0,12.82,78
2021-06-18,25.0,0.0,0.0,0.0,256.0,281,14.7,0.3,93.8,0.0,31.2,7.39,1.64,107.96,0.0,23.01,140
2021-06-25,104.0,0.0,0.0,2.0,1.0,108,5.77,0.12,36.85,0.0,12.26,2.9,0.65,42.41,0.0,9.04,55
2021-07-02,51.0,0.0,0.0,0.0,85.0,136,3.24,0.13,45.44,0.0,12.19,4.25,0.56,47.04,0.0,9.15,61
2021-07-09,19.0,0.0,0.0,0.0,98.0,117,7.28,0.29,102.05,0.0,27.38,9.54,1.27,105.64,0.0,20.55,137
2021-07-16,42.0,0.0,0.0,1.0,86.0,129,4.68,0.19,65.55,0.0,17.59,6.13,0.81,67.86,0.0,13.2,88
2021-07-23,124.0,0.0,0.0,3.0,151.0,279,3.24,0.13,45.44,0.0,12.19,4.25,0.56,47.04,0.0,9.15,61
2021-07-30,19.0,0.0,0.0,5.0,33.0,57,5.42,0.22,75.98,0.0,20.39,7.1,0.94,78.65,0.0,15.3,102
2021-08-06,22.0,0.0,0.0,3.0,2.0,27,1.07,0.05,192.53,0.0,27.34,17.05,1.69,164.84,0.0,37.43,221
2021-08-13,81.0,0.0,0.0,4.0,240.0,324,0.44,0.02,79.28,0.0,11.26,7.02,0.7,67.87,0.0,15.41,91
2021-08-20,91.0,0.0,0.0,1.0,183.0,275,0.36,0.02,64.47,0.0,9.16,5.71,0.57,55.19,0.0,12.53,74
2021-08-27,85.0,0.0,0.0,0.0,147.0,232,0.64,0.03,114.13,0.0,16.21,10.1,1.0,97.71,0.0,22.19,131
2021-09-03,87.0,0.0,0.0,0.0,145.0,232,0.13,0.0,37.69,0.0,6.17,3.82,0.29,31.67,0.0,8.22,44
2021-09-10,92.0,0.0,0.0,0.0,166.0,259,0.25,0.0,71.1,0.0,11.64,7.21,0.55,59.74,0.0,15.51,83
2021-09-17,49.0,0.0,0.0,0.0,169.0,219,0.27,0.0,76.24,0.0,12.49,7.73,0.59,64.05,0.0,16.63,89
2021-09-24,105.0,0.0,0.0,0.0,116.0,221,0.25,0.0,70.25,0.0,11.5,7.12,0.54,59.02,0.0,15.32,82
2021-10-01,123.0,0.0,0.0,0.0,156.0,279,8.42,0.47,91.1,0.0,15.01,6.94,0.48,86.79,0.0,20.79,115
2021-10-08,167.0,0.0,0.0,0.0,3.0,171,9.74,0.55,105.36,0.0,17.36,8.03,0.56,100.37,0.0,24.04,133
2021-10-15,53.0,0.0,0.0,0.0,121.0,174,10.62,0.6,114.87,0.0,18.92,8.75,0.61,109.43,0.0,26.21,145
2021-10-22,206.0,0.0,0.0,0.0,47.0,253,5.42,0.3,58.62,0.0,9.66,4.47,0.31,55.85,0.0,13.37,74
2021-10-29,64.0,0.0,0.0,0.0,177.0,241,7.91,0.44,85.56,0.0,14.09,6.52,0.46,81.51,0.0,19.52,108
2021-11-05,35.0,0.0,0.0,0.0,90.0,125,3.23,0.33,107.2,0.0,21.25,5.77,0.22,103.29,0.0,22.72,132
2021-11-12,29.0,0.0,0.0,0.0,160.0,189,4.3,0.43,142.93,0.0,28.33,7.69,0.29,137.72,0.0,30.29,176
2021-11-19,40.0,0.0,0.0,0.0,45.0,85,1.44,0.15,47.91,0.0,9.5,2.58,0.1,46.17,0.0,10.16,59
2021-11-26,19.0,0.0,0.0,0.0,168.0,187,2.62,0.26,86.9,0.0,17.23,4.68,0.18,83.73,0.0,18.42,107
2021-12-03,41.0,0.0,0.0,0.0,4.0,45,3.29,0.31,165.93,0.0,36.47,10.81,0.31,163.64,0.0,31.24,206
2021-12-10,187.0,0.0,0.0,0.0,71.0,259,4.17,0.4,210.23,0.0,46.2,13.7,0.39,207.34,0.0,39.57,261
2021-12-17,51.0,0.0,0.0,0.0,0.0,51,1.5,0.14,75.71,0.0,16.64,4.93,0.14,74.67,0.0,14.25,94
2021-12-24,64.0,0.0,0.0,1.0,52.0,118,2.2,0.21,111.16,0.0,24.43,7.24,0.21,109.63,0.0,20.92,138
2021-12-31,21.0,0.0,0.0,4.0,85.0,110,2.33,0.22,117.6,0.0,25.85,7.66,0.22,115.98,0.0,22.14,146
2022-01-07,6.0,0.0,0.0,0.0,71.0,78,0.31,0.18,74.71,0.0,7.8,3.34,0.15,66.39,0.0,13.11,83
2022-01-14,61.0,0.0,0.0,0.0,115.0,177,0.47,0.26,111.61,0.0,11.66,4.99,0.23,99.19,0.0,19.59,124
2022-01-21,37.0,0.0,0.0,1.0,159.0,198,0.36,0.2,86.41,0.0,9.02,3.86,0.18,76.79,0.0,15.16,96
2022-01-28,21.0,0.0,0.0,5.0,102.0,128,0.48,0.27,114.31,0.0,11.94,5.11,0.24,101.59,0.0,20.06,127
2022-02-04,7.0,0.0,0.0,1.0,45.0,52,0.56,0.2,95.63,0.0,10.6,2.93,0.19,87.34,0.0,16.54,107
2022-02-11,6.0,0.0,0.0,0.0,44.0,50,0.51,0.19,86.69,0.0,9.61,2.66,0.17,79.17,0.0,15.0,97
2022-02-18,74.0,0.0,0.0,0.0,45.0,119,0.44,0.16,75.07,0.0,8.32,2.3,0.15,68.56,0.0,12.99,84
2022-02-25,26.0,0.0,7.0,0.0,136.0,168,1.09,0.4,185.01,0.0,20.51,5.68,0.36,168.96,0.0,32.0,207
2022-03-04,41.0,0.0,0.0,1.0,104.0,146,0.79,0.4,156.67,0.0,24.14,3.76,0.32,152.53,0.0,25.39,182
2022-03-11,57.0,0.0,0.0,0.0,91.0,149,0.56,0.28,111.05,0.0,17.11,2.66,0.23,108.11,0.0,18.0,129
2022-03-18,115.0,0.0,0.0,1.0,22.0,139,0.43,0.21,84.36,0.0,13.0,2.02,0.17,82.13,0.0,13.67,98
2022-03-25,36.0,0.0,0.0,1.0,126.0,163,0.91,0.45,179.05,0.0,27.59,4.29,0.37,174.32,0.0,29.02,208
2022-04-01,13.0,0.0,0.0,0.0,35.0,49,0.96,0.82,181.25,0.0,19.97,4.22,0.42,170.85,0.0,27.51,203
2022-04-08,16.0,0.0,0.0,2.0,53.0,72,0.71,0.61,133.93,0.0,14.76,3.12,0.31,126.24,0.0,20.33,150
2022-04-15,31.0,0.0,0.0,1.0,71.0,102,0.93,0.8,175.89,0.0,19.38,4.1,0.4,165.8,0.0,26.7,197
2022-04-22,55.0,0.0,0.0,2.0,77.0,134,0.77,0.66,145.54,0.0,16.04,3.39,0.34,137.19,0.0,22.09,163
2022-04-29,80.0,0.0,0.0,3.0,131.0,214,1.44,1.24,272.32,0.0,30.0,6.34,0.63,256.7,0.0,41.33,305
2022-05-06,19.0,0.0,0.0,4.0,123.0,145,0.54,0.82,104.0,0.0,18.64,2.43,0.29,104.62,0.0,16.66,124
2022-05-13,6.0,0.0,0.0,1.0,62.0,70,0.98,1.49,188.71,0.0,33.83,4.41,0.52,189.83,0.0,30.23,225
2022-05-20,49.0,0.0,0.0,1.0,34.0,85,0.68,1.03,130.84,0.0,23.45,3.06,0.36,131.61,0.0,20.96,156
2022-05-27,46.0,0.0,0.0,1.0,203.0,250,0.77,1.18,149.29,0.0,26.76,3.49,0.41,150.18,0.0,23.92,178
2022-06-03,20.0,0.0,0.0,2.0,184.0,206,0.9,0.9,197.24,0.0,17.96,2.07,0.53,186.74,0.0,27.65,217
2022-06-10,6.0,0.0,0.0,1.0,0.0,7,0.7,0.7,153.61,0.0,13.99,1.61,0.41,145.44,0.0,21.54,169
2022-06-17,49.0,0.0,0.0,0.0,182.0,231,0.75,0.75,163.61,0.0,14.9,1.72,0.44,154.9,0.0,22.94,180
2022-06-24,0.0,0.0,0.0,2.0,149.0,151,0.77,0.77,169.06,0.0,15.4,1.77,0.46,160.07,0.0,23.7,186
2022-07-01,13.0,0.0,0.0,0.0,12.0,25,0.37,0.39,89.46,0.0,13.79,0.68,0.32,89.88,0.0,13.12,104
2022-07-08,29.0,0.0,0.0,3.0,94.0,126,0.63,0.66,153.97,0.0,23.73,1.16,0.56,154.7,0.0,22.58,179
2022-07-15,0.0,0.0,0.0,2.0,80.0,83,0.97,1.02,236.54,0.0,36.46,1.79,0.86,237.66,0.0,34.69,275
2022-07-22,19.0,0.0,0.0,2.0,112.0,133,0.3,0.31,73.11,0.0,11.27,0.55,0.26,73.46,0.0,10.72,85
2022-07-29,2.0,0.0,0.0,1.0,117.0,120,0.71,0.74,171.17,0.0,26.39,1.29,0.62,171.98,0.0,25.11,199
2022-08-05,13.0,0.0,0.0,0.0,67.0,80,0.53,1.06,173.61,0.0,23.81,0.88,0.71,175.66,0.0,21.75,199
2022-08-12,6.0,0.0,0.0,0.0,81.0,88,0.62,1.23,202.4,0.0,27.75,1.03,0.83,204.79,0.0,25.35,232
2022-08-19,0.0,0.0,0.0,1.0,0.0,1,0.46,0.91,150.05,0.0,20.58,0.76,0.62,151.83,0.0,18.79,172
2022-08-26,43.0,0.0,0.0,1.0,164.0,207,0.5,0.99,163.14,0.0,22.37,0.83,0.67,165.07,0.0,20.43,187
2022-09-02,13.0,0.0,0.0,0.0,11.0,24,0.21,0.42,139.4,0.0,6.97,0.64,0.56,128.8,0.0,17.0,147
2022-09-09,0.0,0.0,0.0,1.0,116.0,117,0.2,0.4,134.66,0.0,6.74,0.62,0.54,124.42,0.0,16.43,142
2022-09-16,0.0,0.0,0.0,0.0,50.0,50,0.62,1.25,416.31,0.0,20.82,1.91,1.67,384.65,0.0,50.78,439
2022-09-23,8.0,0.0,0.0,0.0,132.0,140,0.15,0.31,102.42,0.0,5.12,0.47,0.41,94.63,0.0,12.49,108
2022-09-30,6.0,0.0,0.0,0.0,0.0,6,0.18,0.37,123.28,0.0,6.17,0.56,0.49,113.9,0.0,15.04,130
2022-10-07,76.0,0.0,0.0,0.0,0.0,76,6.35,0.66,120.39,0.0,11.6,0.55,0.6,121.4,0.0,16.46,139
2022-10-14,35.0,0.0,0.0,0.0,29.0,64,6.72,0.7,127.32,0.0,12.27,0.58,0.63,128.39,0.0,17.4,147
2022-10-21,168.0,0.0,0.0,0.0,203.0,371,7.26,0.76,137.71,0.0,13.27,0.62,0.68,138.87,0.0,18.82,159
2022-10-28,32.0,0.0,0.0,0.0,42.0,74,9.68,1.01,183.62,0.0,17.69,0.83,0.91,185.16,0.0,25.1,212
2022-11-04,32.0,0.0,0.0,0.0,85.0,116,0.44,0.27,102.7,0.0,22.59,0.43,0.55,111.97,0.0,13.05,126
2022-11-11,80.0,0.0,0.0,0.0,121.0,201,0.44,0.27,103.52,0.0,22.77,0.43,0.55,112.86,0.0,13.16,127
2022-11-18,43.0,0.0,0.0,0.0,0.0,43,0.49,0.3,114.93,0.0,25.28,0.48,0.62,125.3,0.0,14.61,141
2022-11-25,70.0,0.0,0.0,0.0,78.0,149,0.88,0.54,207.04,0.0,45.55,0.87,1.11,225.71,0.0,26.31,254
2022-12-02,6.0,0.0,0.0,0.0,46.0,52,9.01,0.35,96.37,0.0,24.27,1.13,0.58,115.04,0.0,13.25,130
2022-12-09,19.0,0.0,0.0,0.0,58.0,77,12.19,0.47,130.48,0.0,32.86,1.53,0.79,155.75,0.0,17.94,176
2022-12-16,74.0,0.0,0.0,0.0,114.0,188,9.56,0.37,102.3,0.0,25.76,1.2,0.62,122.12,0.0,14.06,138
2022-12-23,56.0,0.0,0.0,0.0,83.0,139,14.83,0.58,158.65,0.0,39.95,1.86,0.96,189.38,0.0,21.81,214
2022-12-30,0.0,0.0,0.0,0.0,48.0,48,17.25,0.67,184.59,0.0,46.48,2.16,1.11,220.35,0.0,25.38,249
2023-01-06,15.0,0.0,0.0,0.0,11.0,26,11.98,1.11,147.44,0.0,24.48,1.57,0.71,162.97,0.0,19.76,185
2023-01-13,62.0,0.0,0.0,0.0,136.0,199,13.08,1.21,160.99,0.0,26.72,1.72,0.77,177.94,0.0,21.57,202
2023-01-20,0.0,0.0,0.0,0.0,89.0,89,12.56,1.16,154.61,0.0,25.67,1.65,0.74,170.89,0.0,20.72,194
2023-01-27,56.0,0.0,0.0,1.0,54.0,110,11.52,1.07,141.86,0.0,23.55,1.51,0.68,156.8,0.0,19.01,178
2023-02-03,51.0,0.0,0.0,0.0,52.0,103,11.11,0.84,132.77,0.0,29.28,3.33,0.62,148.49,0.0,21.56,174
2023-02-10,98.0,0.0,0.0,3.0,130.0,231,13.35,1.01,159.48,0.0,35.17,4.0,0.75,178.35,0.0,25.89,209
2023-02-17,134.0,0.0,0.0,0.0,0.0,135,15.71,1.19,187.71,0.0,41.4,4.71,0.88,209.93,0.0,30.48,246
2023-02-24,52.0,0.0,0.0,1.0,74.0,126,5.94,0.45,70.96,0.0,15.65,1.78,0.33,79.36,0.0,11.52,93
2023-03-03,46.0,0.0,0.0,1.0,246.0,293,1.64,1.23,233.21,0.0,38.91,8.27,1.09,231.59,0.0,34.04,275
2023-03-10,47.0,0.0,0.0,1.0,110.0,158,1.06,0.79,150.1,0.0,25.05,5.33,0.7,149.06,0.0,21.91,177
2023-03-17,15.0,0.0,0.0,4.0,138.0,157,1.04,0.78,147.56,0.0,24.62,5.24,0.69,146.53,0.0,21.54,174
2023-03-24,50.0,0.0,0.0,2.0,73.0,125,0.84,0.63,118.73,0.0,19.81,4.21,0.56,117.9,0.0,17.33,140
2023-03-31,25.0,0.0,0.0,3.0,106.0,134,0.96,0.72,135.69,0.0,22.64,4.81,0.64,134.74,0.0,19.81,160
2023-04-07,80.0,0.0,0.0,1.0,57.0,137,1.08,1.12,132.02,0.0,19.77,6.26,0.59,126.91,0.0,20.24,154
2023-04-14,108.0,0.0,0.0,1.0,151.0,260,0.92,0.96,112.31,0.0,16.82,5.33,0.5,107.95,0.0,17.22,131
2023-04-21,31.0,0.0,0.0,1.0,57.0,89,0.79,0.82,96.02,0.0,14.38,4.55,0.43,92.3,0.0,14.72,112
2023-04-28,34.0,0.0,0.0,3.0,89.0,125,0.7,0.72,84.87,0.0,12.71,4.02,0.38,81.58,0.0,13.01,99
2023-05-05,45.0,0.0,0.0,1.0,43.0,88,0.53,0.87,88.55,0.0,12.05,4.27,0.42,82.02,0.0,15.29,102
2023-05-12,65.0,0.0,0.0,2.0,78.0,146,0.94,1.52,155.4,0.0,21.14,7.5,0.74,143.93,0.0,26.83,179
2023-05-19,19.0,0.0,0.0,1.0,112.0,132,0.99,1.6,164.08,0.0,22.32,7.92,0.79,151.97,0.0,28.32,189
2023-05-26,79.0,0.0,0.0,1.0,79.0,159,1.13,1.83,187.52,0.0,25.51,9.05,0.9,173.68,0.0,32.37,216
2023-06-02,6.0,0.0,0.0,1.0,40.0,48,17.67,1.69,143.83,0.0,23.81,6.94,0.83,149.95,0.0,29.27,187
2023-06-09,0.0,0.0,0.0,0.0,50.0,51,20.41,1.95,166.14,0.0,27.5,8.02,0.96,173.2,0.0,33.81,216
2023-06-16,0.0,0.0,0.0,0.0,84.0,84,18.81,1.79,153.06,0.0,25.33,7.39,0.89,159.57,0.0,31.15,199
2023-06-23,70.0,0.0,0.0,1.0,163.0,234,8.22,0.78,66.92,0.0,11.08,3.23,0.39,69.76,0.0,13.62,87
2023-06-30,56.0,0.0,0.0,1.0,143.0,200,17.67,1.69,143.83,0.0,23.81,6.94,0.83,149.95,0.0,29.27,187
2023-07-07,32.0,0.0,0.0,0.0,0.0,32,0.96,2.8,176.89,0.0,23.35,7.89,1.1,164.9,0.0,30.11,204
2023-07-14,30.0,0.0,0.0,0.0,49.0,79,0.94,2.74,173.42,0.0,22.89,7.74,1.08,161.66,0.0,29.52,200
2023-07-21,19.0,0.0,0.0,0.0,101.0,120,0.89,2.59,163.88,0.0,21.63,7.31,1.02,152.77,0.0,27.9,189
2023-07-28,13.0,0.0,0.0,0.0,47.0,60,0.73,2.11,133.53,0.0,17.63,5.96,0.83,124.48,0.0,22.73,154
2023-08-04,69.0,0.0,0.0,0.0,138.0,206,0.42,2.66,164.22,0.0,28.7,8.25,1.27,159.63,0.0,26.84,196
2023-08-11,12.0,0.0,0.0,0.0,15.0,27,0.38,2.4,148.3,0.0,25.92,7.45,1.15,144.16,0.0,24.24,177
2023-08-18,6.0,0.0,0.0,0.0,39.0,45,0.26,1.61,99.71,0.0,17.42,5.01,0.77,96.92,0.0,16.3,119
2023-08-25,26.0,0.0,0.0,0.0,108.0,133,0.29,1.84,113.95,0.0,19.91,5.73,0.88,110.77,0.0,18.63,136
2023-09-01,23.0,0.0,0.0,0.0,94.0,118,0.41,3.79,151.88,0.0,34.92,5.95,1.49,157.92,0.0,25.64,191
2023-09-08,14.0,0.0,0.0,0.0,27.0,41,0.27,2.48,99.4,0.0,22.85,3.9,0.97,103.35,0.0,16.78,125
2023-09-15,100.0,0.0,0.0,0.0,0.0,100,0.38,3.51,140.75,0.0,32.36,5.52,1.38,146.34,0.0,23.76,177
2023-09-22,58.0,0.0,0.0,1.0,29.0,88,0.29,2.7,108.14,0.0,24.87,4.24,1.06,112.44,0.0,18.26,136
2023-09-29,21.0,0.0,0.0,0.0,139.0,160,0.3,2.74,109.73,0.0,25.23,4.3,1.07,114.1,0.0,18.53,138
2023-10-06,12.0,0.0,0.0,0.0,119.0,131,0.49,3.03,132.79,0.0,23.68,3.11,1.52,134.37,0.0,21.0,160
2023-10-13,0.0,0.0,0.0,1.0,51.0,52,0.44,2.73,119.51,0.0,21.31,2.8,1.37,120.93,0.0,18.9,144
2023-10-20,0.0,0.0,0.0,0.0,135.0,135,0.69,4.26,186.74,0.0,33.3,4.37,2.14,188.96,0.0,29.52,225
2023-10-27,0.0,0.0,0.0,0.0,102.0,102,0.4,2.46,107.89,0.0,19.24,2.53,1.24,109.18,0.0,17.06,130
2023-11-03,0.0,0.0,0.0,0.0,131.0,132,5.0,2.63,130.14,0.0,27.23,3.26,2.01,137.18,0.0,22.56,165
2023-11-10,6.0,0.0,0.0,0.0,65.0,72,5.03,2.65,130.93,0.0,27.4,3.28,2.02,138.01,0.0,22.69,166
2023-11-17,6.0,0.0,0.0,1.0,51.0,58,5.21,2.74,135.66,0.0,28.39,3.4,2.09,143.0,0.0,23.51,172
2023-11-24,25.0,0.0,0.0,0.0,116.0,141,6.45,3.39,168.0,0.0,35.15,4.21,2.59,177.09,0.0,29.12,213
2023-12-01,33.0,0.0,0.0,1.0,0.0,34,0.61,3.22,205.57,0.0,17.59,4.27,3.15,187.89,0.0,31.69,227
2023-12-08,4.0,0.0,0.0,0.0,79.0,84,0.49,2.6,165.73,0.0,14.18,3.44,2.54,151.47,0.0,25.55,183
2023-12-15,36.0,0.0,0.0,0.0,102.0,138,0.68,3.61,230.03,0.0,19.69,4.78,3.52,210.24,0.0,35.46,254
2023-12-22,131.0,0.0,0.0,0.0,46.0,177,0.75,3.97,253.57,0.0,21.7,5.27,3.88,231.76,0.0,39.09,280
2023-12-29,46.0,0.0,0.0,0.0,78.0,124,0.55,2.91,185.65,0.0,15.89,3.86,2.84,169.68,0.0,28.62,205
2024-01-05,21.0,0.0,0.0,1.0,42.0,64,1.1,5.12,234.79,0.0,62.99,6.91,4.55,247.81,0.0,44.74,304
2024-01-12,5.0,0.0,0.0,0.0,55.0,61,0.78,3.65,167.6,0.0,44.97,4.93,3.25,176.89,0.0,31.93,217
2024-01-19,9.0,0.0,0.0,0.0,94.0,104,0.3,1.38,63.33,0.0,16.99,1.86,1.23,66.84,0.0,12.07,82
2024-01-26,12.0,0.0,0.0,0.0,80.0,92,1.0,4.66,213.94,0.0,57.4,6.29,4.14,225.8,0.0,40.76,277
2024-02-02,34.0,0.0,0.0,0.0,92.0,126,6.05,1.8,184.89,0.0,30.26,1.68,3.49,188.01,0.0,29.82,223
2024-02-09,62.0,0.0,0.0,1.0,39.0,101,5.99,1.79,183.23,0.0,29.99,1.66,3.46,186.32,0.0,29.56,221
2024-02-16,11.0,0.0,0.0,1.0,91.0,103,7.43,2.22,227.17,0.0,37.18,2.06,4.29,231.01,0.0,36.64,274
2024-02-23,30.0,0.0,0.0,1.0,83.0,115,6.48,1.93,198.15,0.0,32.43,1.8,3.74,201.5,0.0,31.96,239
2024-03-01,0.0,0.0,0.0,2.0,83.0,86,3.72,1.88,137.77,0.1,28.54,1.23,2.77,142.17,0.0,25.82,172
2024-03-08,52.0,0.0,0.0,0.0,113.0,165,3.77,1.9,139.37,0.1,28.87,1.25,2.81,143.83,0.0,26.12,174
2024-03-15,55.0,0.0,0.0,3.0,5.0,63,5.04,2.54,186.62,0.13,38.66,1.67,3.76,192.6,0.0,34.98,233
2024-03-22,55.0,0.0,0.0,0.0,141.0,196,4.31,2.17,159.39,0.11,33.02,1.42,3.21,164.49,0.0,29.87,199
2024-03-29,14.0,0.0,0.0,1.0,122.0,137,3.51,1.77,129.76,0.09,26.88,1.16,2.61,133.91,0.0,24.32,162
2024-04-05,13.0,0.0,0.0,0.0,122.0,135,0.86,2.11,183.37,0.0,13.66,2.36,3.02,165.0,0.0,29.62,200
2024-04-12,9.0,0.0,0.0,0.0,10.0,19,0.97,2.37,206.29,0.0,15.37,2.66,3.4,185.63,0.0,33.32,225
2024-04-19,0.0,0.0,0.0,0.0,40.0,40,0.73,1.79,155.86,0.0,11.61,2.01,2.57,140.25,0.0,25.17,170
2024-04-26,24.0,0.0,0.0,0.0,112.0,136,0.99,2.4,209.04,0.0,15.57,2.7,3.44,188.1,0.0,33.76,228
2024-05-03,39.0,0.0,0.0,0.0,106.0,146,0.84,3.49,165.04,0.0,31.63,2.89,2.8,165.8,0.02,29.5,201
2024-05-10,0.0,0.0,0.0,0.0,8.0,8,0.7,2.92,137.94,0.0,26.43,2.41,2.34,138.58,0.01,24.65,168
2024-05-17,104.0,0.0,0.0,0.0,147.0,251,0.84,3.47,164.22,0.0,31.47,2.87,2.79,164.97,0.02,29.35,200
2024-05-24,49.0,0.0,0.0,0.0,153.0,201,0.63,2.62,123.98,0.0,23.76,2.17,2.1,124.55,0.01,22.16,151
2024-05-31,25.0,0.0,0.0,1.0,52.0,78,0.7,2.9,137.12,0.0,26.28,2.4,2.33,137.75,0.01,24.51,167
2024-06-07,17.0,0.0,0.0,0.0,0.0,17,10.04,4.81,234.25,0.98,44.92,4.19,3.78,247.29,0.02,39.72,295
2024-06-14,14.0,0.0,0.0,0.0,41.0,55,8.4,4.03,196.13,0.82,37.61,3.5,3.17,207.05,0.02,33.26,247
2024-06-21,14.0,0.0,0.0,0.0,159.0,173,5.0,2.4,116.73,0.49,22.39,2.09,1.88,123.22,0.01,19.79,147
2024-06-28,33.0,0.0,0.0,0.0,97.0,130,9.22,4.42,215.19,0.9,41.27,3.85,3.47,227.17,0.02,36.49,271
2024-07-05,32.0,0.0,0.0,0.0,115.0,147,0.41,4.83,184.84,0.97,24.96,2.25,2.8,182.18,0.02,28.75,216
2024-07-12,2.0,0.0,0.0,0.0,55.0,57,0.38,4.56,174.57,0.92,23.57,2.12,2.64,172.06,0.02,27.15,204
2024-07-19,18.0,0.0,0.0,0.0,55.0,73,0.49,5.79,221.63,1.17,29.92,2.7,3.36,218.45,0.02,34.47,259
2024-07-26,9.0,0.0,0.0,0.0,55.0,64,0.25,2.95,112.96,0.6,15.25,1.37,1.71,111.33,0.01,17.57,132
2024-08-02,2.0,0.0,0.0,0.0,93.0,96,1.3,3.88,181.17,0.78,33.87,3.69,2.95,181.33,0.16,32.86,221
2024-08-09,0.0,0.0,0.0,0.0,20.0,20,0.96,2.85,132.8,0.57,24.82,2.71,2.16,132.92,0.12,24.09,162
2024-08-16,22.0,0.0,0.0,0.0,220.0,243,1.55,4.6,214.78,0.92,40.15,4.38,3.5,214.97,0.19,38.96,262
2024-08-23,30.0,0.0,0.0,0.0,46.0,76,1.0,2.97,138.54,0.59,25.9,2.82,2.26,138.67,0.12,25.13,169
2024-08-30,13.0,0.0,0.0,0.0,138.0,151,1.97,5.85,272.98,1.17,51.03,5.56,4.45,273.23,0.24,49.52,333
2024-09-06,14.0,0.0,0.0,0.0,55.0,69,7.55,3.04,199.04,0.0,29.36,4.05,3.36,199.53,0.34,31.72,239
2024-09-13,13.0,0.0,0.0,0.0,65.0,78,8.6,3.46,226.52,0.0,33.42,4.61,3.82,227.08,0.39,36.1,272
2024-09-20,0.0,0.0,0.0,0.0,3.0,3,7.36,2.97,194.04,0.0,28.63,3.95,3.28,194.52,0.34,30.92,233
2024-09-27,0.0,0.0,0.0,0.0,95.0,95,3.67,1.48,96.6,0.0,14.25,1.96,1.63,96.84,0.17,15.4,116
2024-10-04,0.0,0.0,0.0,0.0,47.0,47,7.25,2.4,201.51,0.0,13.84,2.89,3.57,187.41,0.48,30.65,225
2024-10-11,0.0,0.0,0.0,0.0,75.0,75,9.47,3.14,263.3,0.0,18.09,3.78,4.66,244.88,0.62,40.05,294
2024-10-18,0.0,0.0,0.0,0.0,147.0,148,8.25,2.74,229.27,0.0,15.75,3.29,4.06,213.23,0.54,34.88,256
2024-10-25,0.0,0.0,0.0,0.0,59.0,59,6.51,2.16,180.91,0.0,12.43,2.6,3.2,168.25,0.43,27.52,202
2024-11-01,14.0,0.0,0.0,0.0,114.0,128,0.51,1.32,138.79,0.0,26.38,2.46,2.68,139.88,0.33,21.64,167
2024-11-08,27.0,0.0,0.0,0.0,90.0,117,0.61,1.57,165.38,0.0,31.43,2.93,3.2,166.69,0.4,25.79,199
2024-11-15,48.0,0.0,0.0,0.0,108.0,156,0.67,1.72,181.17,0.0,34.43,3.21,3.5,182.6,0.43,28.25,218
2024-11-22,13.0,0.0,0.0,0.0,112.0,125,0.47,1.2,126.32,0.0,24.01,2.24,2.44,127.32,0.3,19.7,152
2024-11-29,30.0,0.0,0.0,0.0,45.0,75,1.17,3.01,316.63,0.0,60.18,5.61,6.12,319.13,0.76,49.38,381
2024-12-06,42.0,0.0,0.0,0.0,118.0,160,3.68,3.13,181.63,0.0,30.56,4.25,3.5,182.98,0.43,27.85,219
2024-12-13,19.0,0.0,0.0,0.0,56.0,75,4.08,3.47,201.54,0.0,33.91,4.71,3.88,203.03,0.47,30.9,243
2024-12-20,14.0,0.0,0.0,0.0,37.0,51,3.04,2.58,150.12,0.0,25.26,3.51,2.89,151.23,0.35,23.01,181
2024-12-27,19.0,0.0,0.0,0.0,0.0,19,4.25,3.61,209.83,0.0,35.3,4.91,4.04,211.39,0.49,32.17,253
2025-01-03,20.0,0.0,0.0,0.0,131.0,151,0.73,4.66,183.66,0.0,32.95,4.05,3.17,185.7,0.41,28.67,222
2025-01-10,13.0,0.0,0.0,0.0,188.0,201,0.76,4.83,190.28,0.0,34.13,4.2,3.29,192.39,0.42,29.7,230
2025-01-17,0.0,0.0,0.0,0.0,56.0,56,0.66,4.22,166.29,0.0,29.83,3.67,2.87,168.14,0.37,25.95,201
2025-01-24,40.0,0.0,0.0,0.0,5.0,45,0.7,4.47,176.21,0.0,31.61,3.89,3.04,178.17,0.39,27.5,213
2025-01-31,13.0,0.0,0.0,0.0,117.0,130,0.7,4.45,175.39,0.0,31.46,3.87,3.03,177.34,0.39,27.38,212
2025-02-07,93.0,0.0,0.0,0.0,88.0,180,0.35,2.86,108.55,0.18,20.06,2.0,1.84,111.25,0.16,16.75,132
2025-02-14,72.0,0.0,0.0,0.0,48.0,120,0.61,4.94,187.49,0.31,34.66,3.45,3.17,192.16,0.28,28.93,228
2025-02-21,53.0,0.0,0.0,0.0,68.0,121,0.4,3.23,122.52,0.2,22.65,2.26,2.07,125.58,0.18,18.91,149
2025-02-28,13.0,0.0,0.0,0.0,116.0,129,0.53,4.25,161.17,0.26,29.79,2.97,2.73,165.19,0.24,24.87,196
2025-03-07,48.0,0.0,0.0,0.0,91.0,138,0.5,2.67,150.59,0.28,9.96,2.44,2.3,137.53,0.1,21.64,164
2025-03-14,113.0,0.0,0.0,0.0,42.0,155,0.58,3.13,176.3,0.33,11.66,2.85,2.69,161.01,0.11,25.33,192
2025-03-21,46.0,0.0,0.0,0.0,45.0,91,0.74,3.97,224.04,0.42,14.82,3.63,3.42,204.61,0.15,32.19,244
2025-03-28,42.0,0.0,0.0,0.0,80.0,122,1.13,6.04,340.66,0.64,22.54,5.51,5.2,311.11,0.22,48.95,371
2025-04-04,30.0,0.0,0.0,0.0,58.0,88,1.28,8.45,256.05,0.79,11.44,4.13,4.0,233.47,0.05,36.35,278
2025-04-11,13.0,0.0,0.0,0.0,110.0,122,0.72,4.77,144.61,0.44,6.46,2.33,2.26,131.85,0.03,20.53,157
2025-04-18,210.0,0.0,0.0,0.0,98.0,308,0.92,6.08,184.21,0.57,8.23,2.97,2.88,167.96,0.04,26.15,200
2025-04-25,42.0,0.0,0.0,0.0,59.0,100,0.81,5.35,162.11,0.5,7.24,2.62,2.53,147.81,0.03,23.01,176
2025-05-02,19.0,0.0,0.0,0.0,107.0,126,0.36,3.76,128.2,0.14,9.54,1.45,2.13,121.44,0.07,16.91,142
2025-05-09,13.0,0.0,0.0,0.0,131.0,144,0.72,7.38,251.88,0.27,18.75,2.84,4.18,238.61,0.14,33.23,279
2025-05-16,15.0,0.0,13.0,0.0,24.0,52,0.54,5.56,189.59,0.2,14.11,2.14,3.15,179.6,0.1,25.01,210
2025-05-23,13.0,0.0,0.0,0.0,181.0,194,0.45,4.6,157.09,0.17,11.69,1.77,2.61,148.81,0.08,20.73,174
2025-05-30,24.0,0.0,0.0,0.0,174.0,199,0.49,5.05,172.44,0.18,12.84,1.95,2.86,163.35,0.09,22.75,191
2025-06-06,13.0,0.0,0.0,0.0,0.0,13,4.51,5.12,223.51,0.13,9.73,1.42,4.34,208.47,0.22,28.56,243
2025-06-13,13.0,0.0,0.0,0.0,199.0,212,3.97,4.51,196.84,0.11,8.57,1.25,3.82,183.59,0.19,25.15,214
2025-06-20,13.0,0.0,0.0,0.0,0.0,13,4.79,5.44,237.31,0.14,10.33,1.5,4.6,221.34,0.23,30.32,258
2025-06-27,14.0,0.0,0.0,0.0,60.0,74,3.12,3.54,154.53,0.09,6.73,0.98,3.0,144.13,0.15,19.74,168
2025-07-04,0.0,0.0,0.0,0.0,79.0,79,3.48,5.89,217.22,0.38,19.03,1.43,5.19,214.07,0.26,25.04,246
2025-07-11,31.0,0.0,0.0,0.0,34.0,64,3.33,5.65,208.39,0.37,18.26,1.38,4.98,205.37,0.25,24.02,236
2025-07-18,0.0,0.0,0.0,0.0,150.0,150,3.62,6.13,226.05,0.4,19.81,1.49,5.41,222.77,0.27,26.06,256
2025-07-25,19.0,0.0,0.0,0.0,45.0,64,2.05,3.47,128.03,0.22,11.22,0.85,3.06,126.18,0.16,14.76,145
2025-08-01,0.0,0.0,0.0,0.0,2.0,2,0.11,3.78,127.13,0.32,9.66,0.87,3.16,125.15,0.17,11.66,141
2025-08-08,0.0,0.0,0.0,0.0,28.0,28,0.2,6.84,229.92,0.57,17.46,1.58,5.72,226.33,0.3,21.08,255
2025-08-15,13.0,0.0,0.0,0.0,82.0,95,0.17,5.82,195.66,0.48,14.86,1.34,4.86,192.6,0.25,17.94,217
2025-08-22,13.0,0.0,0.0,0.0,72.0,85,0.09,2.98,100.08,0.25,7.6,0.69,2.49,98.52,0.13,9.18,111
2025-08-29,0.0,0.0,0.0,0.0,45.0,45,0.24,7.94,266.89,0.66,20.27,1.83,6.64,262.72,0.35,24.47,296
2025-09-05,6.0,0.0,0.0,0.0,120.0,127,0.16,7.45,162.61,0.35,20.43,1.51,4.38,171.5,0.28,13.34,191
2025-09-12,0.0,0.0,0.0,0.0,54.0,54,0.2,9.28,202.63,0.44,25.46,1.88,5.45,213.7,0.34,16.62,238
2025-09-19,0.0,0.0,0.0,0.0,137.0,137,0.26,11.85,258.82,0.56,32.52,2.41,6.97,272.96,0.44,21.23,304
2025-09-26,0.0,0.0,24.0,0.0,41.0,65,0.16,7.56,165.17,0.35,20.75,1.54,4.44,174.19,0.28,13.55,194
2025-10-03,0.0,0.0,0.0,0.0,87.0,87,5.29,8.64,154.47,0.19,11.4,1.35,4.27,163.55,0.29,10.56,180
2025-10-10,0.0,0.0,0.0,0.0,143.0,143,4.29,7.01,125.3,0.16,9.25,1.09,3.46,132.65,0.23,8.56,146
2025-10-17,14.0,0.0,0.0,0.0,67.0,81,6.38,10.41,186.23,0.23,13.74,1.62,5.14,197.16,0.34,12.73,217
2025-10-24,35.0,0.0,0.0,0.0,93.0,129,3.41,5.57,99.55,0.13,7.35,0.87,2.75,105.4,0.18,6.8,116
2025-10-31,77.0,0.0,0.0,0.0,76.0,153,4.38,7.15,127.87,0.16,9.44,1.11,3.53,135.38,0.24,8.74,149
2025-11-07,13.0,0.0,0.0,0.0,115.0,129,14.52,4.24,110.52,0.13,14.59,1.03,4.03,129.05,0.23,9.67,144
2025-11-14,17.0,0.0,0.0,0.0,92.0,109,27.94,8.15,212.59,0.25,28.07,1.97,7.75,248.24,0.44,18.59,277
2025-11-21,52.0,0.0,0.0,0.0,111.0,163,30.66,8.95,233.31,0.28,30.8,2.17,8.5,272.44,0.49,20.41,304
2025-11-28,7.0,0.0,0.0,0.0,129.0,136,15.94,4.65,121.26,0.15,16.01,1.13,4.42,141.6,0.25,10.61,158
2025-12-05,21.0,0.0,0.0,0.0,52.0,73,15.9,4.76,264.13,0.7,26.5,3.2,9.38,276.98,0.42,22.02,312
2025-12-12,13.0,0.0,0.0,0.0,147.0,160,11.52,3.45,191.32,0.51,19.2,2.32,6.8,200.63,0.31,15.95,226
2025-12-19,18.0,0.0,0.0,0.0,170.0,188,14.47,4.34,240.42,0.64,24.12,2.91,8.54,252.12,0.39,20.04,284
2025-12-26,33.0,0.0,0.0,0.0,0.0,33,11.72,3.51,194.71,0.52,19.54,2.36,6.92,204.18,0.31,16.23,230
2026-01-02,176.0,0.0,0.0,0.0,34.0,210,22.23,6.48,313.1,0.0,33.18,10.17,11.46,324.2,0.51,28.66,375
2026-01-09,0.0,0.0,0.0,0.0,179.0,180,16.6,4.84,233.78,0.0,24.78,7.59,8.56,242.07,0.38,21.4,280
2026-01-16,25.0,0.0,0.0,0.0,102.0,127,17.66,5.15,248.81,0.0,26.37,8.08,9.11,257.63,0.4,22.78,298
2026-01-23,0.0,0.0,0.0,0.0,69.0,69,20.09,5.86,283.05,0.0,30.0,9.19,10.36,293.08,0.46,25.91,339
2026-01-30,0.0,0.0,0.0,0.0,131.0,131,16.12,4.7,227.1,0.0,24.07,7.38,8.31,235.16,0.37,20.79,272
2026-02-06,0.0,0.0,0.0,0.0,51.0,51,20.26,8.21,183.04,0.45,31.04,8.35,6.99,206.5,0.42,20.74,243
2026-02-13,13.0,0.0,0.0,0.0,143.0,157,16.92,6.86,152.91,0.38,25.93,6.97,5.84,172.51,0.35,17.33,203
2026-02-20,7.0,0.0,0.0,0.0,105.0,112,22.43,9.09,202.62,0.5,34.36,9.24,7.74,228.6,0.46,22.96,269
2026-02-27,26.0,0.0,0.0,0.0,104.0,130,14.34,5.81,129.56,0.32,21.97,5.91,4.95,146.17,0.3,14.68,172
2026-03-06,20.0,0.0,0.0,0.0,44.0,64,20.06,2.07,165.13,0.81,17.93,8.67,5.59,173.51,0.29,17.94,206
2026-03-13,22.0,0.0,0.0,0.0,128.0,150,31.17,3.21,256.51,1.26,27.85,13.47,8.69,269.53,0.45,27.86,320
2026-03-20,0.0,0.0,0.0,0.0,107.0,107,34.19,3.52,281.36,1.39,30.54,14.77,9.53,295.64,0.49,30.56,351
2026-03-27,41.0,0.0,0.0,0.0,109.0,150,37.01,3.82,304.61,1.5,33.07,15.99,10.32,320.07,0.53,33.09,380
2026-04-03,17.0,0.0,0.0,0.0,104.0,121,20.48,7.9,359.31,0.0,54.3,24.38,12.53,361.72,0.6,42.77,442
2026-04-10,27.0,0.0,0.0,0.0,59.0,86,13.44,5.18,235.75,0.0,35.63,15.99,8.22,237.33,0.39,28.06,290
2026-04-17,1.0,0.0,0.0,0.0,130.0,131,17.15,6.62,300.78,0.0,45.46,20.41,10.49,302.8,0.5,35.8,370
2026-04-24,13.0,0.0,0.0,0.0,43.0,56,11.26,4.34,197.54,0.0,29.85,13.4,6.89,198.87,0.33,23.51,243
2026-05-01,19.0,0.0,0.0,0.0,3.0,23,14.6,7.71,391.11,0.0,13.58,31.37,9.53,345.62,0.82,39.66,427
2026-05-08,0.0,0.0,0.0,0.0,25.0,25,15.56,8.22,416.76,0.0,14.47,33.42,10.16,368.28,0.87,42.26,455
2026-05-15,13.0,0.0,0.0,0.0,89.0,102,10.67,5.63,285.78,0.0,9.92,22.92,6.97,252.54,0.6,28.98,312
2026-05-22,17.0,0.0,0.0,0.0,25.0,43,10.64,5.62,284.86,0.0,9.89,22.85,6.94,251.73,0.6,28.89,311
2026-05-29,6.0,0.0,0.0,1.0,124.0,131,13.95,7.37,373.71,0.0,12.97,29.97,9.11,330.24,0.78,37.9,408
2026-06-05,39.0,0.0,0.0,1.0,0.0,39,12.17,8.3,330.35,0.0,9.19,25.99,6.94,290.1,0.59,36.39,360
2026-06-12,13.0,0.0,0.0,1.0,114.0,127,12.0,8.18,325.76,0.0,9.06,25.63,6.84,286.07,0.58,35.88,355
2026-06-19,6.0,0.0,0.0,2.0,44.0,52,12.78,8.71,346.87,0.0,9.65,27.29,7.28,304.61,0.62,38.2,378
2026-06-26,13.0,0.0,0.0,1.0,47.0,61,9.3,6.34,252.35,0.0,7.02,19.85,5.3,221.61,0.45,27.79,275
2026-07-03,19.0,0.0,0.0,1.0,75.0,95,9.97,6.8,270.7,0.0,7.53,21.3,5.68,237.72,0.48,29.82,295
2026-07-10,13.0,0.0,0.0,3.0,96.0,112,13.93,9.49,378.07,0.0,10.51,29.74,7.94,332.01,0.67,41.64,412
2026-07-17,19.0,0.0,28.0,1.0,106.0,155,9.8,6.68,266.11,0.0,7.4,20.94,5.59,233.69,0.47,29.31,290
2026-07-24,6.0,0.0,0.0,1.0,36.0,44,12.27,8.36,333.1,0.0,9.26,26.21,6.99,292.52,0.59,36.69,363
2026-07-31,13.0,0.0,0.0,2.0,0.0,15,15.04,10.25,408.35,0.0,11.36,32.12,8.57,358.6,0.73,44.98,445
2026-08-07,13.0,0.0,0.0,1.0,119.0,133,14.97,10.21,406.51,0.0,11.3,31.98,8.53,356.99,0.72,44.77,443
2026-08-14,13.0,0.0,0.0,1.0,75.0,89,12.57,8.57,341.36,0.0,9.49,26.85,7.17,299.77,0.61,37.6,372
2026-08-21,13.0,0.0,0.0,1.0,14.0,28,12.14,8.27,329.43,0.0,9.16,25.92,6.92,289.3,0.59,36.28,359
2026-08-28,13.0,0.0,0.0,2.0,66.0,81,11.19,7.63,303.74,0.0,8.45,23.89,6.38,266.73,0.54,33.45,331
2026-09-04,19.0,0.0,0.0,1.0,75.0,95,10.45,7.12,283.55,0.0,7.89,22.31,5.95,249.01,0.5,31.23,309
