spread,miles_feature,h,weeks,b,p,fdr_pass
LA_GC_1,P5_MILES_SURPRISE,1,50,-0.0059446023431221,0.2799180993844609,False
LA_GC_1,P5_MILES_CHG1,1,50,-3.8803157283922216,0.6757397360508339,False
LA_GC_1,P5_MILES_CHG4,1,50,-0.1577317173249472,0.9762642317962192,False
LA_GC_1,P5_MILES_VS_8W,1,50,-1.5024830056974614,0.7884244059545247,False
LA_GC_1,BOTH_MILES_SURPRISE,1,50,-0.0029599342100474,0.4606076398320941,False
LA_GC_1,BOTH_MILES_CHG1,1,50,-20.519705188519225,0.0926847232010831,False
LA_GC_1,BOTH_MILES_CHG4,1,50,-8.437415771838513,0.1235973614704511,False
LA_GC_1,BOTH_MILES_VS_8W,1,50,-10.47138546537664,0.1273491041310262,False
LA_GC_1,P5_MILES_SURPRISE,2,49,-0.004723502996059,0.5591012376311741,False
LA_GC_1,P5_MILES_CHG1,2,49,-4.581425760681896,0.7491422576448336,False
LA_GC_1,P5_MILES_CHG4,2,49,-0.1750463815067146,0.985983637701054,False
LA_GC_1,P5_MILES_VS_8W,2,49,-0.5916059511120402,0.956770253691456,False
LA_GC_1,BOTH_MILES_SURPRISE,2,49,-0.0039552763129145,0.5270617794507468,False
LA_GC_1,BOTH_MILES_CHG1,2,49,-41.03411402068917,0.0502499804998216,False
LA_GC_1,BOTH_MILES_CHG4,2,49,-12.84564330436996,0.2066679412227783,False
LA_GC_1,BOTH_MILES_VS_8W,2,49,-14.579403942762042,0.2515623322854527,False
LA_GC_1,P5_MILES_SURPRISE,4,47,-0.0032861806950538,0.8148723359046088,False
LA_GC_1,P5_MILES_CHG1,4,47,-0.8385372154682238,0.9779265458418644,False
LA_GC_1,P5_MILES_CHG4,4,47,-6.727505919651397,0.6951507839570252,False
LA_GC_1,P5_MILES_VS_8W,4,47,-1.0737627832140078,0.9581057922323296,False
LA_GC_1,BOTH_MILES_SURPRISE,4,47,0.0007905739339908,0.917991273899702,False
LA_GC_1,BOTH_MILES_CHG1,4,47,-41.52482976568835,0.2538717749287799,False
LA_GC_1,BOTH_MILES_CHG4,4,47,-10.249944963509002,0.5448507643424702,False
LA_GC_1,BOTH_MILES_VS_8W,4,47,-5.054495262977116,0.8276843022862929,False
NY_GC_1,P5_MILES_SURPRISE,1,50,0.0059612972446371,0.0151213727012801,False
NY_GC_1,P5_MILES_CHG1,1,50,0.5895339558767664,0.901855193829413,False
NY_GC_1,P5_MILES_CHG4,1,50,-2.5816660647972585,0.460054618688221,False
NY_GC_1,P5_MILES_VS_8W,1,50,-3.348727159714796,0.4143398458193611,False
NY_GC_1,BOTH_MILES_SURPRISE,1,50,0.0020606785618269,0.1915168561522315,False
NY_GC_1,BOTH_MILES_CHG1,1,50,4.127077561494645,0.3888628916822017,False
NY_GC_1,BOTH_MILES_CHG4,1,50,-0.5788216132038846,0.7750748119738257,False
NY_GC_1,BOTH_MILES_VS_8W,1,50,-0.0725104282418622,0.973840978542978,False
NY_GC_1,P5_MILES_SURPRISE,2,49,0.0091860746002761,0.0026233226813192,False
NY_GC_1,P5_MILES_CHG1,2,49,-7.72189794359354,0.4568846467627856,False
NY_GC_1,P5_MILES_CHG4,2,49,-7.74392537576432,0.2602639372566468,False
NY_GC_1,P5_MILES_VS_8W,2,49,-9.068770392047368,0.2521905292445583,False
NY_GC_1,BOTH_MILES_SURPRISE,2,49,0.0039121447871858,0.1008963497971693,False
NY_GC_1,BOTH_MILES_CHG1,2,49,-4.39662390194681,0.5616858183895515,False
NY_GC_1,BOTH_MILES_CHG4,2,49,-2.655461301358051,0.3944111131931826,False
NY_GC_1,BOTH_MILES_VS_8W,2,49,-1.7402184248825097,0.5849899714194253,False
NY_GC_1,P5_MILES_SURPRISE,4,47,0.0154995971431354,0.0007719007133605,True
NY_GC_1,P5_MILES_CHG1,4,47,-16.527668106921965,0.4125577859511239,False
NY_GC_1,P5_MILES_CHG4,4,47,-12.645459433473166,0.236593976717786,False
NY_GC_1,P5_MILES_VS_8W,4,47,-14.040982183228424,0.2496054513130449,False
NY_GC_1,BOTH_MILES_SURPRISE,4,47,0.0063445934142201,0.037915619450999,False
NY_GC_1,BOTH_MILES_CHG1,4,47,-6.579495896300849,0.574164152215779,False
NY_GC_1,BOTH_MILES_CHG4,4,47,-0.2952040182363454,0.933425685786297,False
NY_GC_1,BOTH_MILES_VS_8W,4,47,0.8437498361297295,0.8102456107593033,False
NWE_GC_1,P5_MILES_SURPRISE,1,50,-0.0043682653935977,0.1381689492180012,False
NWE_GC_1,P5_MILES_CHG1,1,50,-0.0671863446311905,0.9910893870159984,False
NWE_GC_1,P5_MILES_CHG4,1,50,0.9413565213557572,0.7363383901270839,False
NWE_GC_1,P5_MILES_VS_8W,1,50,-3.640915822913285,0.0799031289116666,False
NWE_GC_1,BOTH_MILES_SURPRISE,1,50,0.0008879286667239,0.2832095950054022,False
NWE_GC_1,BOTH_MILES_CHG1,1,50,-2.535281096592266,0.6817574470089537,False
NWE_GC_1,BOTH_MILES_CHG4,1,50,3.3319432702574305,0.1267640745257784,False
NWE_GC_1,BOTH_MILES_VS_8W,1,50,0.135714728486064,0.9536238600451952,False
NWE_GC_1,P5_MILES_SURPRISE,2,49,-0.0069574041857529,0.1700397529729662,False
NWE_GC_1,P5_MILES_CHG1,2,49,3.69447366707411,0.6901616643853032,False
NWE_GC_1,P5_MILES_CHG4,2,49,0.1844661515483107,0.9618495603184378,False
NWE_GC_1,P5_MILES_VS_8W,2,49,-8.41255740224392,0.0402541410035559,False
NWE_GC_1,BOTH_MILES_SURPRISE,2,49,0.0025176028376027,0.1684989585358176,False
NWE_GC_1,BOTH_MILES_CHG1,2,49,14.24339559852562,0.0746835845375857,False
NWE_GC_1,BOTH_MILES_CHG4,2,49,6.170826170430308,0.1513411375927953,False
NWE_GC_1,BOTH_MILES_VS_8W,2,49,0.428363857117013,0.9313293534056578,False
NWE_GC_1,P5_MILES_SURPRISE,4,47,-0.0159363749786033,0.0730595766052072,False
NWE_GC_1,P5_MILES_CHG1,4,47,15.121691976878584,0.4715068650459431,False
NWE_GC_1,P5_MILES_CHG4,4,47,-11.846108829039052,0.0868148876155172,False
NWE_GC_1,P5_MILES_VS_8W,4,47,-19.34992307815777,0.0017869927718305,False
NWE_GC_1,BOTH_MILES_SURPRISE,4,47,0.001291955661678,0.7965403272655905,False
NWE_GC_1,BOTH_MILES_CHG1,4,47,27.65232978910928,0.0698117941555738,False
NWE_GC_1,BOTH_MILES_CHG4,4,47,-4.03442660425955,0.6156067935592923,False
NWE_GC_1,BOTH_MILES_VS_8W,4,47,-9.004152855057036,0.3798907957079411,False
SING_GC_1,P5_MILES_SURPRISE,1,50,-0.0037953326869728,0.2985805815758892,False
SING_GC_1,P5_MILES_CHG1,1,50,-3.577984261172586,0.5980400559764928,False
SING_GC_1,P5_MILES_CHG4,1,50,-0.2525973983104238,0.9260293986843396,False
SING_GC_1,P5_MILES_VS_8W,1,50,-4.347699953862038,0.1663802667324282,False
SING_GC_1,BOTH_MILES_SURPRISE,1,50,-0.000864198157934,0.4280530347427825,False
SING_GC_1,BOTH_MILES_CHG1,1,50,-15.350793920176775,0.0869285158778435,False
SING_GC_1,BOTH_MILES_CHG4,1,50,-1.4543810101683048,0.4950493533990427,False
SING_GC_1,BOTH_MILES_VS_8W,1,50,-6.1448404658774285,0.069577109359304,False
SING_GC_1,P5_MILES_SURPRISE,2,49,-0.0059146129953366,0.3135438976044501,False
SING_GC_1,P5_MILES_CHG1,2,49,-1.1644572481679976,0.9123218512606862,False
SING_GC_1,P5_MILES_CHG4,2,49,0.2449257620785392,0.9458036256138916,False
SING_GC_1,P5_MILES_VS_8W,2,49,-6.566169394718662,0.1555152632132646,False
SING_GC_1,BOTH_MILES_SURPRISE,2,49,0.0016567044493972,0.5874999650510939,False
SING_GC_1,BOTH_MILES_CHG1,2,49,-8.104516797109223,0.5253326238175675,False
SING_GC_1,BOTH_MILES_CHG4,2,49,1.9177693811153576,0.5718846602085855,False
SING_GC_1,BOTH_MILES_VS_8W,2,49,-5.026006976067818,0.2769858179181809,False
SING_GC_1,P5_MILES_SURPRISE,4,47,-0.0131063966626969,0.1804619486911074,False
SING_GC_1,P5_MILES_CHG1,4,47,23.814913652687466,0.1511926533102762,False
SING_GC_1,P5_MILES_CHG4,4,47,-6.514292491560955,0.1870870018703484,False
SING_GC_1,P5_MILES_VS_8W,4,47,-11.85731404336092,0.0561679746289262,False
SING_GC_1,BOTH_MILES_SURPRISE,4,47,0.0044804128413777,0.5103593244111378,False
SING_GC_1,BOTH_MILES_CHG1,4,47,25.687674941648886,0.119035451011905,False
SING_GC_1,BOTH_MILES_CHG4,4,47,-0.0976203089284939,0.9908235983021244,False
SING_GC_1,BOTH_MILES_VS_8W,4,47,-4.168654451856757,0.6954138398950831,False
LA_JET_M1M2,P5_MILES_SURPRISE,1,50,-0.0009797679851076,0.7679307584206414,False
LA_JET_M1M2,P5_MILES_CHG1,1,50,-6.8322222558502,0.3529909556239834,False
LA_JET_M1M2,P5_MILES_CHG4,1,50,-0.5010062005349806,0.8702050175310048,False
LA_JET_M1M2,P5_MILES_VS_8W,1,50,0.0142490016932479,0.995858772220499,False
LA_JET_M1M2,BOTH_MILES_SURPRISE,1,50,-0.002100350757912,0.4277675919913515,False
LA_JET_M1M2,BOTH_MILES_CHG1,1,50,-10.55812284551559,0.3322427463712962,False
LA_JET_M1M2,BOTH_MILES_CHG4,1,50,-4.300989393027682,0.1483098403011893,False
LA_JET_M1M2,BOTH_MILES_VS_8W,1,50,-4.926838173795659,0.130583329267276,False
LA_JET_M1M2,P5_MILES_SURPRISE,2,49,0.0033391126296925,0.5064592912978156,False
LA_JET_M1M2,P5_MILES_CHG1,2,49,-7.707449528897081,0.3970667203690212,False
LA_JET_M1M2,P5_MILES_CHG4,2,49,0.4160956191619445,0.9325582191814098,False
LA_JET_M1M2,P5_MILES_VS_8W,2,49,1.628750153665949,0.7194254947159713,False
LA_JET_M1M2,BOTH_MILES_SURPRISE,2,49,-0.0027370013783185,0.4169210013365619,False
LA_JET_M1M2,BOTH_MILES_CHG1,2,49,-16.87519415030618,0.1561504919836605,False
LA_JET_M1M2,BOTH_MILES_CHG4,2,49,-6.469288454737434,0.1137562164508097,False
LA_JET_M1M2,BOTH_MILES_VS_8W,2,49,-7.257715026782885,0.1244421816628255,False
LA_JET_M1M2,P5_MILES_SURPRISE,4,47,0.0073376424323898,0.2266143307270891,False
LA_JET_M1M2,P5_MILES_CHG1,4,47,-3.488172186849586,0.8201294638697713,False
LA_JET_M1M2,P5_MILES_CHG4,4,47,4.484567442313072,0.5156503703536419,False
LA_JET_M1M2,P5_MILES_VS_8W,4,47,7.87006615735323,0.2679836983843475,False
LA_JET_M1M2,BOTH_MILES_SURPRISE,4,47,-0.0040795533588138,0.1608265357780476,False
LA_JET_M1M2,BOTH_MILES_CHG1,4,47,-21.485056337245105,0.1521607248518238,False
LA_JET_M1M2,BOTH_MILES_CHG4,4,47,-5.403901831960716,0.4117902373352448,False
LA_JET_M1M2,BOTH_MILES_VS_8W,4,47,-2.416296301097552,0.7693478501198391,False
LA_JET_M2M3,P5_MILES_SURPRISE,1,50,-0.0023237957439483,0.3919851523977649,False
LA_JET_M2M3,P5_MILES_CHG1,1,50,-0.8245249932324586,0.8509229248137742,False
LA_JET_M2M3,P5_MILES_CHG4,1,50,0.2493168532827846,0.9002189052614423,False
LA_JET_M2M3,P5_MILES_VS_8W,1,50,0.6612818624718447,0.7865200308387776,False
LA_JET_M2M3,BOTH_MILES_SURPRISE,1,50,-0.0006587710387271,0.6657017480946755,False
LA_JET_M2M3,BOTH_MILES_CHG1,1,50,-4.901536294453483,0.3506397748072057,False
LA_JET_M2M3,BOTH_MILES_CHG4,1,50,0.5756425535668209,0.7634964974747446,False
LA_JET_M2M3,BOTH_MILES_VS_8W,1,50,1.7165736756144792,0.4569407311325291,False
LA_JET_M2M3,P5_MILES_SURPRISE,2,49,-0.0030470004580444,0.5367927192299058,False
LA_JET_M2M3,P5_MILES_CHG1,2,49,3.75822207154693,0.6450550610119301,False
LA_JET_M2M3,P5_MILES_CHG4,2,49,1.3828530541623296,0.6852511385945643,False
LA_JET_M2M3,P5_MILES_VS_8W,2,49,2.18160246568178,0.6159398432204728,False
LA_JET_M2M3,BOTH_MILES_SURPRISE,2,49,-0.0001796693098193,0.9375203508189658,False
LA_JET_M2M3,BOTH_MILES_CHG1,2,49,-1.7312861228449603,0.8228635030199206,False
LA_JET_M2M3,BOTH_MILES_CHG4,2,49,3.498618793997366,0.303359119714328,False
LA_JET_M2M3,BOTH_MILES_VS_8W,2,49,6.611566345023179,0.1397652910831213,False
LA_JET_M2M3,P5_MILES_SURPRISE,4,47,0.0005300494218104,0.939277799596934,False
LA_JET_M2M3,P5_MILES_CHG1,4,47,1.4380158409492965,0.8720132841447901,False
LA_JET_M2M3,P5_MILES_CHG4,4,47,-1.703761202079891,0.7059216068531083,False
LA_JET_M2M3,P5_MILES_VS_8W,4,47,2.3465674706448407,0.7007943971458788,False
LA_JET_M2M3,BOTH_MILES_SURPRISE,4,47,0.0026323244233551,0.2106071831692907,False
LA_JET_M2M3,BOTH_MILES_CHG1,4,47,9.10855506995849,0.2612830690022821,False
LA_JET_M2M3,BOTH_MILES_CHG4,4,47,6.623370576730503,0.1951801689023105,False
LA_JET_M2M3,BOTH_MILES_VS_8W,4,47,15.554523385916244,0.0544527338643456,False
GC_JET_M1M2,P5_MILES_SURPRISE,1,50,0.0011774182289951,0.582076495034162,False
GC_JET_M1M2,P5_MILES_CHG1,1,50,0.9677209541912818,0.8279426498738593,False
GC_JET_M1M2,P5_MILES_CHG4,1,50,-0.1170114696790719,0.9159290067357372,False
GC_JET_M1M2,P5_MILES_VS_8W,1,50,1.021216574003818,0.4462996157338531,False
GC_JET_M1M2,BOTH_MILES_SURPRISE,1,50,0.0001552070556027,0.8674980951369624,False
GC_JET_M1M2,BOTH_MILES_CHG1,1,50,6.076324801093211,0.2439374008743011,False
GC_JET_M1M2,BOTH_MILES_CHG4,1,50,-0.0817796314891463,0.946902598711519,False
GC_JET_M1M2,BOTH_MILES_VS_8W,1,50,1.215022913444877,0.5396686189874185,False
GC_JET_M1M2,P5_MILES_SURPRISE,2,49,0.0010883895171544,0.712589669777282,False
GC_JET_M1M2,P5_MILES_CHG1,2,49,-0.1339581457282944,0.9789984712260428,False
GC_JET_M1M2,P5_MILES_CHG4,2,49,-0.472946306360671,0.7884377105640205,False
GC_JET_M1M2,P5_MILES_VS_8W,2,49,2.283050717007544,0.3470084886594902,False
GC_JET_M1M2,BOTH_MILES_SURPRISE,2,49,-0.0012426782580499,0.2015989981919413,False
GC_JET_M1M2,BOTH_MILES_CHG1,2,49,6.139087134485829,0.4203426182503982,False
GC_JET_M1M2,BOTH_MILES_CHG4,2,49,-1.3566283614710748,0.3726619815033501,False
GC_JET_M1M2,BOTH_MILES_VS_8W,2,49,1.6763126115198477,0.5892739363913644,False
GC_JET_M1M2,P5_MILES_SURPRISE,4,47,-0.0006223433447682,0.8857078150878068,False
GC_JET_M1M2,P5_MILES_CHG1,4,47,-0.2755351373479997,0.9500166605370024,False
GC_JET_M1M2,P5_MILES_CHG4,4,47,4.699331349574548,0.1467324364440433,False
GC_JET_M1M2,P5_MILES_VS_8W,4,47,7.440452152245827,0.1113576654383028,False
GC_JET_M1M2,BOTH_MILES_SURPRISE,4,47,-0.0040856697542539,0.1064509879091874,False
GC_JET_M1M2,BOTH_MILES_CHG1,4,47,0.6495071859033363,0.9264951759230552,False
GC_JET_M1M2,BOTH_MILES_CHG4,4,47,0.5462512207581539,0.8528292232130582,False
GC_JET_M1M2,BOTH_MILES_VS_8W,4,47,5.861734788265631,0.2579336636201284,False
GC_JET_M2M3,P5_MILES_SURPRISE,1,50,0.0015316990371771,0.4728592613580122,False
GC_JET_M2M3,P5_MILES_CHG1,1,50,1.5728764404970423,0.6513738550969197,False
GC_JET_M2M3,P5_MILES_CHG4,1,50,-0.0780897408918567,0.9516463420815116,False
GC_JET_M2M3,P5_MILES_VS_8W,1,50,0.7949522079607957,0.508277365653014,False
GC_JET_M2M3,BOTH_MILES_SURPRISE,1,50,-0.000467350239432,0.4564808344893911,False
GC_JET_M2M3,BOTH_MILES_CHG1,1,50,-0.3650428063354041,0.9060368973193385,False
GC_JET_M2M3,BOTH_MILES_CHG4,1,50,-0.3864962482637526,0.6651631137053504,False
GC_JET_M2M3,BOTH_MILES_VS_8W,1,50,1.3259896598699403,0.3708391573333514,False
GC_JET_M2M3,P5_MILES_SURPRISE,2,49,0.0049421664335343,0.2659244848606366,False
GC_JET_M2M3,P5_MILES_CHG1,2,49,0.0187589456458482,0.9964787276937066,False
GC_JET_M2M3,P5_MILES_CHG4,2,49,0.1743196901775595,0.936439529229102,False
GC_JET_M2M3,P5_MILES_VS_8W,2,49,1.2432954286097135,0.524478405674732,False
GC_JET_M2M3,BOTH_MILES_SURPRISE,2,49,-9.689705701669394e-05,0.9192794704486924,False
GC_JET_M2M3,BOTH_MILES_CHG1,2,49,-5.812143708302828,0.3355282584043735,False
GC_JET_M2M3,BOTH_MILES_CHG4,2,49,-0.1515571415048791,0.922443612444068,False
GC_JET_M2M3,BOTH_MILES_VS_8W,2,49,2.550357659797643,0.3999539996315489,False
GC_JET_M2M3,P5_MILES_SURPRISE,4,47,0.0078218899995367,0.3057741803874759,False
GC_JET_M2M3,P5_MILES_CHG1,4,47,-2.428259040086417,0.7631898000626444,False
GC_JET_M2M3,P5_MILES_CHG4,4,47,3.046042629229852,0.2572222209225532,False
GC_JET_M2M3,P5_MILES_VS_8W,4,47,3.90070328692986,0.2394749230146525,False
GC_JET_M2M3,BOTH_MILES_SURPRISE,4,47,0.0018031080811899,0.4794289267932646,False
GC_JET_M2M3,BOTH_MILES_CHG1,4,47,-6.0755680486889725,0.3516227067037418,False
GC_JET_M2M3,BOTH_MILES_CHG4,4,47,6.197320792947355,0.1591154133832846,False
GC_JET_M2M3,BOTH_MILES_VS_8W,4,47,11.233275774177876,0.0981589536791631,False
NY_JET_M1M2,P5_MILES_SURPRISE,1,50,0.0008025561312622,0.6301993265698693,False
NY_JET_M1M2,P5_MILES_CHG1,1,50,-2.722424915148545,0.4289496298682766,False
NY_JET_M1M2,P5_MILES_CHG4,1,50,-2.173550861242277,0.018940139446724,False
NY_JET_M1M2,P5_MILES_VS_8W,1,50,-1.1630627462902858,0.104340868690292,False
NY_JET_M1M2,BOTH_MILES_SURPRISE,1,50,0.0008391554365525,0.3702812846220137,False
NY_JET_M1M2,BOTH_MILES_CHG1,1,50,0.5507154990746382,0.8697246365952189,False
NY_JET_M1M2,BOTH_MILES_CHG4,1,50,-1.1279015359041835,0.2741240218361452,False
NY_JET_M1M2,BOTH_MILES_VS_8W,1,50,-0.3371307723130393,0.7891983470458577,False
NY_JET_M1M2,P5_MILES_SURPRISE,2,49,0.0012365006970152,0.6486751574652223,False
NY_JET_M1M2,P5_MILES_CHG1,2,49,-3.6454202284945976,0.4277965411929277,False
NY_JET_M1M2,P5_MILES_CHG4,2,49,-3.821054401397493,0.0012768936051753,True
NY_JET_M1M2,P5_MILES_VS_8W,2,49,-1.8855859440644973,0.0772642634942985,False
NY_JET_M1M2,BOTH_MILES_SURPRISE,2,49,0.0007265958551237,0.5097932987266106,False
NY_JET_M1M2,BOTH_MILES_CHG1,2,49,1.252366805893966,0.8169538468656006,False
NY_JET_M1M2,BOTH_MILES_CHG4,2,49,-2.138827133584566,0.1534240501425681,False
NY_JET_M1M2,BOTH_MILES_VS_8W,2,49,-0.8645518881996099,0.6617608542480515,False
NY_JET_M1M2,P5_MILES_SURPRISE,4,47,-0.0006974904419143,0.8571174797692214,False
NY_JET_M1M2,P5_MILES_CHG1,4,47,-13.102000649360637,0.0025426898222651,False
NY_JET_M1M2,P5_MILES_CHG4,4,47,-2.799039482060123,0.2692536345754446,False
NY_JET_M1M2,P5_MILES_VS_8W,4,47,-0.9255116400192298,0.7466379167091843,False
NY_JET_M1M2,BOTH_MILES_SURPRISE,4,47,-0.0011984086845097,0.3240835010768014,False
NY_JET_M1M2,BOTH_MILES_CHG1,4,47,-9.994517224977775,0.0508936147796391,False
NY_JET_M1M2,BOTH_MILES_CHG4,4,47,-2.0585333619042365,0.3620564227575956,False
NY_JET_M1M2,BOTH_MILES_VS_8W,4,47,-0.858613107719294,0.7417286663708635,False
NY_JET_M2M3,P5_MILES_SURPRISE,1,50,0.0004256162904907,0.8137204313214834,False
NY_JET_M2M3,P5_MILES_CHG1,1,50,-1.9574267934411904,0.5051102323173404,False
NY_JET_M2M3,P5_MILES_CHG4,1,50,-1.8056205116364328,0.0192561488299198,False
NY_JET_M2M3,P5_MILES_VS_8W,1,50,-1.081626070530729,0.1588013739735931,False
NY_JET_M2M3,BOTH_MILES_SURPRISE,1,50,0.0003619807507573,0.4726948520500919,False
NY_JET_M2M3,BOTH_MILES_CHG1,1,50,0.4095792632373965,0.8671044364977328,False
NY_JET_M2M3,BOTH_MILES_CHG4,1,50,-0.5954807517478564,0.4239527982918621,False
NY_JET_M2M3,BOTH_MILES_VS_8W,1,50,-0.1192972255196542,0.9106353617418528,False
NY_JET_M2M3,P5_MILES_SURPRISE,2,49,7.251196991052162e-05,0.9851174644917364,False
NY_JET_M2M3,P5_MILES_CHG1,2,49,-4.743854540696655,0.1882574152800582,False
NY_JET_M2M3,P5_MILES_CHG4,2,49,-3.620652763399608,0.0075853421794572,False
NY_JET_M2M3,P5_MILES_VS_8W,2,49,-2.0067480348988296,0.1355658526985097,False
NY_JET_M2M3,BOTH_MILES_SURPRISE,2,49,0.0006936630367944,0.4623056551848407,False
NY_JET_M2M3,BOTH_MILES_CHG1,2,49,-2.1355953392568865,0.5164262650173168,False
NY_JET_M2M3,BOTH_MILES_CHG4,2,49,-1.190317395940306,0.4102066109102987,False
NY_JET_M2M3,BOTH_MILES_VS_8W,2,49,-0.321332073226023,0.8756424675859537,False
NY_JET_M2M3,P5_MILES_SURPRISE,4,47,0.0021725730099101,0.7419181871443347,False
NY_JET_M2M3,P5_MILES_CHG1,4,47,-11.467977421640317,0.0014440277566265,True
NY_JET_M2M3,P5_MILES_CHG4,4,47,-1.9876972139275928,0.54257745945934,False
NY_JET_M2M3,P5_MILES_VS_8W,4,47,0.3025981865054068,0.9374465818118836,False
NY_JET_M2M3,BOTH_MILES_SURPRISE,4,47,0.0009764801225274,0.530697454292216,False
NY_JET_M2M3,BOTH_MILES_CHG1,4,47,-4.605199363568136,0.2245699957856654,False
NY_JET_M2M3,BOTH_MILES_CHG4,4,47,1.1002956234717087,0.7305532350170743,False
NY_JET_M2M3,BOTH_MILES_VS_8W,4,47,2.812936375525632,0.4968532660057129,False
HO_M1M2,P5_MILES_SURPRISE,1,50,0.0002766979342617,0.7517454407846462,False
HO_M1M2,P5_MILES_CHG1,1,50,-3.7350010831481697,0.0325055091003518,False
HO_M1M2,P5_MILES_CHG4,1,50,-1.4116145078877915,0.0570638841810637,False
HO_M1M2,P5_MILES_VS_8W,1,50,-1.0416255057946164,0.0849118401336137,False
HO_M1M2,BOTH_MILES_SURPRISE,1,50,0.0001856920282429,0.7156887175359188,False
HO_M1M2,BOTH_MILES_CHG1,1,50,-1.911663980937711,0.2242647854179563,False
HO_M1M2,BOTH_MILES_CHG4,1,50,-0.9494748030508244,0.1330566193360509,False
HO_M1M2,BOTH_MILES_VS_8W,1,50,-0.8392089274331442,0.2529598792314804,False
HO_M1M2,P5_MILES_SURPRISE,2,49,0.001154715971665,0.4606446961164075,False
HO_M1M2,P5_MILES_CHG1,2,49,-7.306440116886863,0.0176298890843199,False
HO_M1M2,P5_MILES_CHG4,2,49,-1.981465138112813,0.132829207152371,False
HO_M1M2,P5_MILES_VS_8W,2,49,-1.373376632397033,0.2013658688168212,False
HO_M1M2,BOTH_MILES_SURPRISE,2,49,0.0003843611609399,0.6093632171280106,False
HO_M1M2,BOTH_MILES_CHG1,2,49,-4.115142758956793,0.1615018988994891,False
HO_M1M2,BOTH_MILES_CHG4,2,49,-1.4118472735878698,0.2525773730203545,False
HO_M1M2,BOTH_MILES_VS_8W,2,49,-1.2977437140297812,0.3883988113295126,False
HO_M1M2,P5_MILES_SURPRISE,4,47,-0.0008598384967825,0.6459542621550907,False
HO_M1M2,P5_MILES_CHG1,4,47,-8.32386433052082,0.0769444156067308,False
HO_M1M2,P5_MILES_CHG4,4,47,0.1444245686781358,0.943967193801992,False
HO_M1M2,P5_MILES_VS_8W,4,47,-0.3433925720625127,0.8624072067977133,False
HO_M1M2,BOTH_MILES_SURPRISE,4,47,-3.49197552161926e-05,0.972222697954263,False
HO_M1M2,BOTH_MILES_CHG1,4,47,-6.337330960144221,0.1978695148855481,False
HO_M1M2,BOTH_MILES_CHG4,4,47,-0.4060053467610779,0.8702217128432477,False
HO_M1M2,BOTH_MILES_VS_8W,4,47,-0.6038892924234964,0.8314256559199537,False
HO_M2M3,P5_MILES_SURPRISE,1,50,0.0007468693180291,0.5165303313397545,False
HO_M2M3,P5_MILES_CHG1,1,50,-2.5315211985930026,0.1113514757249449,False
HO_M2M3,P5_MILES_CHG4,1,50,-1.6569630822439307,0.0179661088109651,False
HO_M2M3,P5_MILES_VS_8W,1,50,-1.0658705701038835,0.0702323019455692,False
HO_M2M3,BOTH_MILES_SURPRISE,1,50,9.580422644168504e-05,0.8233741856142542,False
HO_M2M3,BOTH_MILES_CHG1,1,50,-0.7444418824362364,0.6382707258420116,False
HO_M2M3,BOTH_MILES_CHG4,1,50,-0.8408180050525155,0.1429774761968081,False
HO_M2M3,BOTH_MILES_VS_8W,1,50,-0.5180597909044907,0.4576674173459841,False
HO_M2M3,P5_MILES_SURPRISE,2,49,0.0008347531990878,0.631719951922598,False
HO_M2M3,P5_MILES_CHG1,2,49,-5.857335127743805,0.0210043483505412,False
HO_M2M3,P5_MILES_CHG4,2,49,-2.861049875774566,0.0503422891478222,False
HO_M2M3,P5_MILES_VS_8W,2,49,-1.908989657893729,0.1257754977082357,False
HO_M2M3,BOTH_MILES_SURPRISE,2,49,0.0001242914067466,0.8223826951211988,False
HO_M2M3,BOTH_MILES_CHG1,2,49,-2.717712216043328,0.3197317293286001,False
HO_M2M3,BOTH_MILES_CHG4,2,49,-1.459079349990833,0.2148974537424448,False
HO_M2M3,BOTH_MILES_VS_8W,2,49,-0.934737571046807,0.4725669370512008,False
HO_M2M3,P5_MILES_SURPRISE,4,47,-0.0005414241449493,0.7654197407720921,False
HO_M2M3,P5_MILES_CHG1,4,47,-9.330252923742346,0.0117240844104459,False
HO_M2M3,P5_MILES_CHG4,4,47,-0.0228390519945753,0.993144529775172,False
HO_M2M3,P5_MILES_VS_8W,4,47,0.4872897308315768,0.875582910230096,False
HO_M2M3,BOTH_MILES_SURPRISE,4,47,-0.0001966483487441,0.8101632999765969,False
HO_M2M3,BOTH_MILES_CHG1,4,47,-5.559385066062392,0.2091410161556869,False
HO_M2M3,BOTH_MILES_CHG4,4,47,0.0101566553062079,0.996566345478387,False
HO_M2M3,BOTH_MILES_VS_8W,4,47,0.9024646422684008,0.732744099537914,False
WTI_M1M2,P5_MILES_SURPRISE,1,50,-0.0007720017758369,0.1945368055874264,False
WTI_M1M2,P5_MILES_CHG1,1,50,1.0185299532910894,0.530489612334111,False
WTI_M1M2,P5_MILES_CHG4,1,50,0.293632115105484,0.611324988668349,False
WTI_M1M2,P5_MILES_VS_8W,1,50,0.5237796791083585,0.2835456328482233,False
WTI_M1M2,BOTH_MILES_SURPRISE,1,50,-0.0005609373274115,0.0012879541566134,True
WTI_M1M2,BOTH_MILES_CHG1,1,50,-0.9612879256849118,0.510729433737918,False
WTI_M1M2,BOTH_MILES_CHG4,1,50,-0.2121446189970618,0.6053526793178293,False
WTI_M1M2,BOTH_MILES_VS_8W,1,50,0.1488228661362841,0.7808718165924344,False
WTI_M1M2,P5_MILES_SURPRISE,2,49,-0.0013573153450177,0.2047908168179659,False
WTI_M1M2,P5_MILES_CHG1,2,49,0.9351171753767712,0.7252815761322644,False
WTI_M1M2,P5_MILES_CHG4,2,49,0.3383022636836673,0.6930933805640695,False
WTI_M1M2,P5_MILES_VS_8W,2,49,0.891457814227449,0.2519943975784467,False
WTI_M1M2,BOTH_MILES_SURPRISE,2,49,-0.000879658436483,0.0003075758630763,True
WTI_M1M2,BOTH_MILES_CHG1,2,49,-2.1078338867444306,0.225106157127055,False
WTI_M1M2,BOTH_MILES_CHG4,2,49,0.031036480774504,0.9553987930896162,False
WTI_M1M2,BOTH_MILES_VS_8W,2,49,0.6488703327778356,0.4590659622169049,False
WTI_M1M2,P5_MILES_SURPRISE,4,47,-0.0012168842214844,0.5566395515920609,False
WTI_M1M2,P5_MILES_CHG1,4,47,0.4070254103830975,0.8942463129271319,False
WTI_M1M2,P5_MILES_CHG4,4,47,0.8014357555190217,0.361331683269967,False
WTI_M1M2,P5_MILES_VS_8W,4,47,1.365136954439628,0.1487919295010945,False
WTI_M1M2,BOTH_MILES_SURPRISE,4,47,-0.000133891769097,0.7819363487629829,False
WTI_M1M2,BOTH_MILES_CHG1,4,47,-0.245536502015478,0.9123702213228349,False
WTI_M1M2,BOTH_MILES_CHG4,4,47,1.475784839620074,0.0801548314946424,False
WTI_M1M2,BOTH_MILES_VS_8W,4,47,2.481293513859659,0.051637203941691,False
WTI_M2M3,P5_MILES_SURPRISE,1,50,-0.0008189100347575,0.4152934033783696,False
WTI_M2M3,P5_MILES_CHG1,1,50,1.268569948186426,0.4958573041999067,False
WTI_M2M3,P5_MILES_CHG4,1,50,0.4573692594882416,0.4705534674748205,False
WTI_M2M3,P5_MILES_VS_8W,1,50,0.955913059806718,0.0587580246569582,False
WTI_M2M3,BOTH_MILES_SURPRISE,1,50,-0.0006215915880391,0.012347451751756,False
WTI_M2M3,BOTH_MILES_CHG1,1,50,-1.7889457272205178,0.1607803458710976,False
WTI_M2M3,BOTH_MILES_CHG4,1,50,0.1518095432282923,0.7576115764600796,False
WTI_M2M3,BOTH_MILES_VS_8W,1,50,0.6579471160298188,0.3115594421235715,False
WTI_M2M3,P5_MILES_SURPRISE,2,49,-0.0009874176288241,0.6014139433189812,False
WTI_M2M3,P5_MILES_CHG1,2,49,1.4537463665808668,0.6268057409979074,False
WTI_M2M3,P5_MILES_CHG4,2,49,0.8203679049826638,0.4548477230600477,False
WTI_M2M3,P5_MILES_VS_8W,2,49,1.631364377127432,0.04577570573664,False
WTI_M2M3,BOTH_MILES_SURPRISE,2,49,-0.0008135791379554,0.0625376624973868,False
WTI_M2M3,BOTH_MILES_CHG1,2,49,-2.187750014314705,0.2465625374097299,False
WTI_M2M3,BOTH_MILES_CHG4,2,49,1.104360720358112,0.1918095604804182,False
WTI_M2M3,BOTH_MILES_VS_8W,2,49,1.8827617302819009,0.0730621779579229,False
WTI_M2M3,P5_MILES_SURPRISE,4,47,-0.0012728373348347,0.6863186682969539,False
WTI_M2M3,P5_MILES_CHG1,4,47,0.8517572005983312,0.8102715214088833,False
WTI_M2M3,P5_MILES_CHG4,4,47,1.6905688874880913,0.1793766369148581,False
WTI_M2M3,P5_MILES_VS_8W,4,47,2.6843523218599,0.0209073560557815,False
WTI_M2M3,BOTH_MILES_SURPRISE,4,47,5.314982509401545e-05,0.939295769937505,False
WTI_M2M3,BOTH_MILES_CHG1,4,47,1.0811353349370425,0.6981803133404645,False
WTI_M2M3,BOTH_MILES_CHG4,4,47,3.1501753826142065,0.0026641066363864,False
WTI_M2M3,BOTH_MILES_VS_8W,4,47,4.723731135817264,0.0011810239109211,True
BRENT_M1M2,P5_MILES_SURPRISE,1,50,0.0022819607041754,0.3532682355695573,False
BRENT_M1M2,P5_MILES_CHG1,1,50,6.156223897887437,0.3109472621177537,False
BRENT_M1M2,P5_MILES_CHG4,1,50,3.311287418496117,0.0466511302149423,False
BRENT_M1M2,P5_MILES_VS_8W,1,50,2.990344472113593,0.0545776927250908,False
BRENT_M1M2,BOTH_MILES_SURPRISE,1,50,-0.0010033285621433,0.1462601397913158,False
BRENT_M1M2,BOTH_MILES_CHG1,1,50,7.008906202491484,0.2252674648265712,False
BRENT_M1M2,BOTH_MILES_CHG4,1,50,2.02108251228878,0.3205356070069354,False
BRENT_M1M2,BOTH_MILES_VS_8W,1,50,0.954711449860633,0.6426325807022278,False
BRENT_M1M2,P5_MILES_SURPRISE,2,49,0.003249139847801,0.3279411210904617,False
BRENT_M1M2,P5_MILES_CHG1,2,49,7.223736665510437,0.1866270227807382,False
BRENT_M1M2,P5_MILES_CHG4,2,49,3.869725827298789,0.113293353377493,False
BRENT_M1M2,P5_MILES_VS_8W,2,49,4.735459579166886,0.0447497846732834,False
BRENT_M1M2,BOTH_MILES_SURPRISE,2,49,-0.0013667805213706,0.2193602191115025,False
BRENT_M1M2,BOTH_MILES_CHG1,2,49,7.051876193168567,0.2492294712031088,False
BRENT_M1M2,BOTH_MILES_CHG4,2,49,1.1618619705163014,0.6219541577424498,False
BRENT_M1M2,BOTH_MILES_VS_8W,2,49,-0.1994161511159056,0.9485863804718,False
BRENT_M1M2,P5_MILES_SURPRISE,4,47,0.0078500810380894,0.1994007166159284,False
BRENT_M1M2,P5_MILES_CHG1,4,47,17.87859023523646,0.0586627008822478,False
BRENT_M1M2,P5_MILES_CHG4,4,47,6.482008328497398,0.0556544281709861,False
BRENT_M1M2,P5_MILES_VS_8W,4,47,7.964764276967038,0.0146699477625872,False
BRENT_M1M2,BOTH_MILES_SURPRISE,4,47,-0.0017952222664657,0.2880237605112429,False
BRENT_M1M2,BOTH_MILES_CHG1,4,47,11.888105987251215,0.1455281694431427,False
BRENT_M1M2,BOTH_MILES_CHG4,4,47,-2.310585643670888,0.5529557695911398,False
BRENT_M1M2,BOTH_MILES_VS_8W,4,47,-3.0734568954387984,0.5782456122345432,False
BRENT_M2M3,P5_MILES_SURPRISE,1,50,0.0009472670342743,0.4477610556566574,False
BRENT_M2M3,P5_MILES_CHG1,1,50,3.693171726858412,0.2585525617471587,False
BRENT_M2M3,P5_MILES_CHG4,1,50,2.087598158921044,0.019960760831724,False
BRENT_M2M3,P5_MILES_VS_8W,1,50,2.4127503662212924,0.0222478053496986,False
BRENT_M2M3,BOTH_MILES_SURPRISE,1,50,-0.0007439845033738,0.0293411182140345,False
BRENT_M2M3,BOTH_MILES_CHG1,1,50,2.191497302477921,0.4898834217335817,False
BRENT_M2M3,BOTH_MILES_CHG4,1,50,0.3105711878606861,0.8091968260724696,False
BRENT_M2M3,BOTH_MILES_VS_8W,1,50,0.1373630451048521,0.9306489336233806,False
BRENT_M2M3,P5_MILES_SURPRISE,2,49,0.0026812812786345,0.107319429713808,False
BRENT_M2M3,P5_MILES_CHG1,2,49,6.362709417198154,0.1146975771250469,False
BRENT_M2M3,P5_MILES_CHG4,2,49,2.2585424748657568,0.1531394733478521,False
BRENT_M2M3,P5_MILES_VS_8W,2,49,3.717497858665539,0.0055475408026042,False
BRENT_M2M3,BOTH_MILES_SURPRISE,2,49,-0.0012279962650642,0.086496512025729,False
BRENT_M2M3,BOTH_MILES_CHG1,2,49,3.809990490638703,0.4157732423757587,False
BRENT_M2M3,BOTH_MILES_CHG4,2,49,-0.9378440424078206,0.6342474922317214,False
BRENT_M2M3,BOTH_MILES_VS_8W,2,49,-0.6707584084485716,0.7989570598102472,False
BRENT_M2M3,P5_MILES_SURPRISE,4,47,0.0030303642023679,0.4849303317660716,False
BRENT_M2M3,P5_MILES_CHG1,4,47,8.785836975631572,0.110033324910371,False
BRENT_M2M3,P5_MILES_CHG4,4,47,2.4577351641420884,0.4292962597419447,False
BRENT_M2M3,P5_MILES_VS_8W,4,47,5.369485128528597,0.0171682153723275,False
BRENT_M2M3,BOTH_MILES_SURPRISE,4,47,-0.0020658755960959,0.1357695887581515,False
BRENT_M2M3,BOTH_MILES_CHG1,4,47,-0.2061011607143106,0.9750015374273324,False
BRENT_M2M3,BOTH_MILES_CHG4,4,47,-4.489911808188491,0.1246824278450488,False
BRENT_M2M3,BOTH_MILES_VS_8W,4,47,-2.259596364068555,0.5955001278188017,False
GASOIL_M1M2,P5_MILES_SURPRISE,1,50,0.0008853620413606,0.6583045232650984,False
GASOIL_M1M2,P5_MILES_CHG1,1,50,-2.616625505243197,0.3837737989795613,False
GASOIL_M1M2,P5_MILES_CHG4,1,50,-1.415708248676471,0.2302228647233735,False
GASOIL_M1M2,P5_MILES_VS_8W,1,50,-1.4677612845789878,0.224161558949006,False
GASOIL_M1M2,BOTH_MILES_SURPRISE,1,50,0.0003467505650187,0.6683939676337145,False
GASOIL_M1M2,BOTH_MILES_CHG1,1,50,1.1642998218721108,0.7536863068036681,False
GASOIL_M1M2,BOTH_MILES_CHG4,1,50,-1.033108111745201,0.5447652405306964,False
GASOIL_M1M2,BOTH_MILES_VS_8W,1,50,-1.8777994498415165,0.2718625446160214,False
GASOIL_M1M2,P5_MILES_SURPRISE,2,49,0.0033118681680906,0.279711356095868,False
GASOIL_M1M2,P5_MILES_CHG1,2,49,-4.978959887432159,0.0802654497946588,False
GASOIL_M1M2,P5_MILES_CHG4,2,49,-2.020156721109086,0.3934338982639319,False
GASOIL_M1M2,P5_MILES_VS_8W,2,49,-2.343796675369781,0.2392107818979332,False
GASOIL_M1M2,BOTH_MILES_SURPRISE,2,49,0.001333155251798,0.2508928230637104,False
GASOIL_M1M2,BOTH_MILES_CHG1,2,49,1.555978095773329,0.7467404954761057,False
GASOIL_M1M2,BOTH_MILES_CHG4,2,49,-2.580982863420334,0.3635622769608844,False
GASOIL_M1M2,BOTH_MILES_VS_8W,2,49,-3.516480746908764,0.1954094737842461,False
GASOIL_M1M2,P5_MILES_SURPRISE,4,47,0.0014741135180917,0.7187605916820015,False
GASOIL_M1M2,P5_MILES_CHG1,4,47,-5.260372308899403,0.4277868753805536,False
GASOIL_M1M2,P5_MILES_CHG4,4,47,0.988873148320213,0.8022315171313993,False
GASOIL_M1M2,P5_MILES_VS_8W,4,47,0.2318390717027736,0.949946526953254,False
GASOIL_M1M2,BOTH_MILES_SURPRISE,4,47,-9.518128711516536e-05,0.9623386151585654,False
GASOIL_M1M2,BOTH_MILES_CHG1,4,47,-2.717676298581782,0.8015442054452061,False
GASOIL_M1M2,BOTH_MILES_CHG4,4,47,-3.593402993052437,0.4061945411218117,False
GASOIL_M1M2,BOTH_MILES_VS_8W,4,47,-3.051706779699388,0.5489512653623427,False
GASOIL_M2M3,P5_MILES_SURPRISE,1,50,-0.0006417528917089,0.778603530573883,False
GASOIL_M2M3,P5_MILES_CHG1,1,50,-4.953731006899631,0.0264056564188768,False
GASOIL_M2M3,P5_MILES_CHG4,1,50,-1.326216907201373,0.0919676197627088,False
GASOIL_M2M3,P5_MILES_VS_8W,1,50,-0.792520995491913,0.4403182173826271,False
GASOIL_M2M3,BOTH_MILES_SURPRISE,1,50,-0.0012586017559834,0.0498002753030853,False
GASOIL_M2M3,BOTH_MILES_CHG1,1,50,-5.144755583811467,0.0544220108018725,False
GASOIL_M2M3,BOTH_MILES_CHG4,1,50,-2.0719587452861195,0.009228943327864,False
GASOIL_M2M3,BOTH_MILES_VS_8W,1,50,-2.1172788702614302,0.0261476620705167,False
GASOIL_M2M3,P5_MILES_SURPRISE,2,49,-0.0007835822943993,0.8299662235332599,False
GASOIL_M2M3,P5_MILES_CHG1,2,49,-5.825554064075381,0.0655204360867867,False
GASOIL_M2M3,P5_MILES_CHG4,2,49,-0.832901470454888,0.6164814339409312,False
GASOIL_M2M3,P5_MILES_VS_8W,2,49,-0.5417132716792195,0.7876624145288035,False
GASOIL_M2M3,BOTH_MILES_SURPRISE,2,49,-0.0014867029562706,0.1702275106710453,False
GASOIL_M2M3,BOTH_MILES_CHG1,2,49,-6.494686543760011,0.0963083054686168,False
GASOIL_M2M3,BOTH_MILES_CHG4,2,49,-2.354644975304112,0.2210212038725036,False
GASOIL_M2M3,BOTH_MILES_VS_8W,2,49,-3.1231479427608675,0.1243020276989534,False
GASOIL_M2M3,P5_MILES_SURPRISE,4,47,-0.0047128646846667,0.2663065612867663,False
GASOIL_M2M3,P5_MILES_CHG1,4,47,-9.257597339678767,0.0094415847794652,False
GASOIL_M2M3,P5_MILES_CHG4,4,47,1.8025834895268835,0.623995196194914,False
GASOIL_M2M3,P5_MILES_VS_8W,4,47,0.6836150696573963,0.8584977470467389,False
GASOIL_M2M3,BOTH_MILES_SURPRISE,4,47,-0.0033353270935019,0.0540317169863215,False
GASOIL_M2M3,BOTH_MILES_CHG1,4,47,-11.781493637146388,0.0665400756311921,False
GASOIL_M2M3,BOTH_MILES_CHG4,4,47,-1.3781616391629552,0.7324351936062037,False
GASOIL_M2M3,BOTH_MILES_VS_8W,4,47,-1.7230032088263705,0.6812707577912074,False
NWE_JET_M1M2,P5_MILES_SURPRISE,1,50,0.0010646989287427,0.3391378218604917,False
NWE_JET_M1M2,P5_MILES_CHG1,1,50,1.3638414347780283,0.5888033133398156,False
NWE_JET_M1M2,P5_MILES_CHG4,1,50,0.9335217137836628,0.271493706237533,False
NWE_JET_M1M2,P5_MILES_VS_8W,1,50,1.1072525004392504,0.1876241722127632,False
NWE_JET_M1M2,BOTH_MILES_SURPRISE,1,50,-5.451423239115343e-05,0.9210354872324644,False
NWE_JET_M1M2,BOTH_MILES_CHG1,1,50,2.3516938801491523,0.4672493456565741,False
NWE_JET_M1M2,BOTH_MILES_CHG4,1,50,0.972049057623424,0.4312298885861589,False
NWE_JET_M1M2,BOTH_MILES_VS_8W,1,50,1.21470712094088,0.3323393199456529,False
NWE_JET_M1M2,P5_MILES_SURPRISE,2,49,0.0021735946898662,0.2199873231142538,False
NWE_JET_M1M2,P5_MILES_CHG1,2,49,1.927186133322209,0.5100287769739453,False
NWE_JET_M1M2,P5_MILES_CHG4,2,49,1.8608056564875124,0.2381886231070418,False
NWE_JET_M1M2,P5_MILES_VS_8W,2,49,2.039484032468748,0.2383000505834149,False
NWE_JET_M1M2,BOTH_MILES_SURPRISE,2,49,2.896476196854876e-05,0.9685033538929008,False
NWE_JET_M1M2,BOTH_MILES_CHG1,2,49,4.677711773314841,0.2694388677248327,False
NWE_JET_M1M2,BOTH_MILES_CHG4,2,49,1.5102409760912552,0.5020113659618224,False
NWE_JET_M1M2,BOTH_MILES_VS_8W,2,49,2.0538242497707464,0.3372195409469237,False
NWE_JET_M1M2,P5_MILES_SURPRISE,4,47,0.0016097536215117,0.4944149574920634,False
NWE_JET_M1M2,P5_MILES_CHG1,4,47,6.340001938394874,0.0843543144645072,False
NWE_JET_M1M2,P5_MILES_CHG4,4,47,4.434352591212988,0.2418070823513307,False
NWE_JET_M1M2,P5_MILES_VS_8W,4,47,3.8932769702504686,0.254002690261883,False
NWE_JET_M1M2,BOTH_MILES_SURPRISE,4,47,-0.0010408902271078,0.4166530263485136,False
NWE_JET_M1M2,BOTH_MILES_CHG1,4,47,5.84471993165517,0.3222700255796488,False
NWE_JET_M1M2,BOTH_MILES_CHG4,4,47,1.7967692003850473,0.5902929312617609,False
NWE_JET_M1M2,BOTH_MILES_VS_8W,4,47,3.365886498033322,0.3438645682116082,False
NWE_JET_M2M3,P5_MILES_SURPRISE,1,50,7.728886017127683e-05,0.947998544519964,False
NWE_JET_M2M3,P5_MILES_CHG1,1,50,-0.9452492190909164,0.6618971130446112,False
NWE_JET_M2M3,P5_MILES_CHG4,1,50,0.4561290691731612,0.6069838038515754,False
NWE_JET_M2M3,P5_MILES_VS_8W,1,50,0.68826488249198,0.4845938346501466,False
NWE_JET_M2M3,BOTH_MILES_SURPRISE,1,50,-0.0006724195818016,0.2203172687933731,False
NWE_JET_M2M3,BOTH_MILES_CHG1,1,50,-0.5926119731814093,0.803246567367895,False
NWE_JET_M2M3,BOTH_MILES_CHG4,1,50,0.7551371625894104,0.3516046881714069,False
NWE_JET_M2M3,BOTH_MILES_VS_8W,1,50,0.922061746378492,0.3621578153138338,False
NWE_JET_M2M3,P5_MILES_SURPRISE,2,49,0.0016014644810106,0.3866124530729703,False
NWE_JET_M2M3,P5_MILES_CHG1,2,49,-0.5064227962395043,0.8891446459695691,False
NWE_JET_M2M3,P5_MILES_CHG4,2,49,1.266746456226986,0.435554535156457,False
NWE_JET_M2M3,P5_MILES_VS_8W,2,49,1.5270152885640829,0.4414084041872503,False
NWE_JET_M2M3,BOTH_MILES_SURPRISE,2,49,-0.0005797825447646,0.4812879864322851,False
NWE_JET_M2M3,BOTH_MILES_CHG1,2,49,2.3343483378912646,0.4713411391792497,False
NWE_JET_M2M3,BOTH_MILES_CHG4,2,49,1.7623476117896304,0.2696503055859479,False
NWE_JET_M2M3,BOTH_MILES_VS_8W,2,49,2.156819636380437,0.2665897311605206,False
NWE_JET_M2M3,P5_MILES_SURPRISE,4,47,0.0004794950117474,0.851210922654033,False
NWE_JET_M2M3,P5_MILES_CHG1,4,47,1.0669052986530605,0.836172050167114,False
NWE_JET_M2M3,P5_MILES_CHG4,4,47,2.5225982569945,0.5016298420807055,False
NWE_JET_M2M3,P5_MILES_VS_8W,4,47,2.881152824134306,0.4415630639836239,False
NWE_JET_M2M3,BOTH_MILES_SURPRISE,4,47,-0.001170600256899,0.3827186201555786,False
NWE_JET_M2M3,BOTH_MILES_CHG1,4,47,4.589980456773697,0.3140564423685046,False
NWE_JET_M2M3,BOTH_MILES_CHG4,4,47,2.250064247485084,0.3663819141851382,False
NWE_JET_M2M3,BOTH_MILES_VS_8W,4,47,4.122635762700648,0.21972105034923,False
SING_KERO_M1M2,P5_MILES_SURPRISE,1,50,0.0019294154405543,0.4759380549381505,False
SING_KERO_M1M2,P5_MILES_CHG1,1,50,3.279020580605012,0.4436901345801276,False
SING_KERO_M1M2,P5_MILES_CHG4,1,50,1.488619568904077,0.1445810964075302,False
SING_KERO_M1M2,P5_MILES_VS_8W,1,50,0.9847793662422908,0.370186949031588,False
SING_KERO_M1M2,BOTH_MILES_SURPRISE,1,50,0.0001560653082022,0.881835475303507,False
SING_KERO_M1M2,BOTH_MILES_CHG1,1,50,1.0166614719794815,0.7103855705573467,False
SING_KERO_M1M2,BOTH_MILES_CHG4,1,50,1.8227973796276264,0.1402988969994557,False
SING_KERO_M1M2,BOTH_MILES_VS_8W,1,50,1.4538702016663596,0.1992588943264455,False
SING_KERO_M1M2,P5_MILES_SURPRISE,2,49,0.0052900667584558,0.1944878155990451,False
SING_KERO_M1M2,P5_MILES_CHG1,2,49,1.1116447493926684,0.7643198967848182,False
SING_KERO_M1M2,P5_MILES_CHG4,2,49,1.779315101382244,0.1548575204273376,False
SING_KERO_M1M2,P5_MILES_VS_8W,2,49,1.5746615107607724,0.3358060246622235,False
SING_KERO_M1M2,BOTH_MILES_SURPRISE,2,49,0.0022457589416676,0.2973179555051299,False
SING_KERO_M1M2,BOTH_MILES_CHG1,2,49,1.1056406357695263,0.7674319435781004,False
SING_KERO_M1M2,BOTH_MILES_CHG4,2,49,2.9505410059195163,0.13185125480255,False
SING_KERO_M1M2,BOTH_MILES_VS_8W,2,49,3.1931576036188343,0.0936013835762312,False
SING_KERO_M1M2,P5_MILES_SURPRISE,4,47,0.0062565882716322,0.1560612982584715,False
SING_KERO_M1M2,P5_MILES_CHG1,4,47,9.933480080580413,0.1456566287394837,False
SING_KERO_M1M2,P5_MILES_CHG4,4,47,2.9460055497665274,0.27074110952548,False
SING_KERO_M1M2,P5_MILES_VS_8W,4,47,3.818641484315332,0.138127502073853,False
SING_KERO_M1M2,BOTH_MILES_SURPRISE,4,47,0.0013898852037429,0.4154418402179026,False
SING_KERO_M1M2,BOTH_MILES_CHG1,4,47,10.895558416050468,0.1130367110648847,False
SING_KERO_M1M2,BOTH_MILES_CHG4,4,47,2.009782688880309,0.3537242488190154,False
SING_KERO_M1M2,BOTH_MILES_VS_8W,4,47,4.125243223182388,0.1386795353343942,False
SING_KERO_M2M3,P5_MILES_SURPRISE,1,50,0.0007975631050506,0.4026866546270473,False
SING_KERO_M2M3,P5_MILES_CHG1,1,50,0.6518197695215906,0.7237420264586111,False
SING_KERO_M2M3,P5_MILES_CHG4,1,50,0.4414535360860161,0.4956858285049204,False
SING_KERO_M2M3,P5_MILES_VS_8W,1,50,0.9076735940543136,0.2530342860950388,False
SING_KERO_M2M3,BOTH_MILES_SURPRISE,1,50,-0.0006332886109433,0.1364220576185193,False
SING_KERO_M2M3,BOTH_MILES_CHG1,1,50,-0.1962486946551895,0.9119185875902078,False
SING_KERO_M2M3,BOTH_MILES_CHG4,1,50,0.178865606686867,0.7208551487666343,False
SING_KERO_M2M3,BOTH_MILES_VS_8W,1,50,0.7376635791580801,0.3537945811176196,False
SING_KERO_M2M3,P5_MILES_SURPRISE,2,49,0.0017087604096701,0.3199418444590217,False
SING_KERO_M2M3,P5_MILES_CHG1,2,49,0.6147594970283728,0.835498287951476,False
SING_KERO_M2M3,P5_MILES_CHG4,2,49,1.01575299320886,0.4465225812814752,False
SING_KERO_M2M3,P5_MILES_VS_8W,2,49,1.7940519638066932,0.261974034862919,False
SING_KERO_M2M3,BOTH_MILES_SURPRISE,2,49,-0.0009766995167418,0.2199418451823123,False
SING_KERO_M2M3,BOTH_MILES_CHG1,2,49,1.1351895188453638,0.629733188698675,False
SING_KERO_M2M3,BOTH_MILES_CHG4,2,49,0.8932211196090131,0.4829620053782115,False
SING_KERO_M2M3,BOTH_MILES_VS_8W,2,49,2.033970473922256,0.2204429590040366,False
SING_KERO_M2M3,P5_MILES_SURPRISE,4,47,0.0005704091851275,0.8340197213836145,False
SING_KERO_M2M3,P5_MILES_CHG1,4,47,1.7612814153662213,0.6812134862179492,False
SING_KERO_M2M3,P5_MILES_CHG4,4,47,3.0084390486226416,0.326248246216096,False
SING_KERO_M2M3,P5_MILES_VS_8W,4,47,3.739604741467856,0.2195095178437603,False
SING_KERO_M2M3,BOTH_MILES_SURPRISE,4,47,-0.0012841945997559,0.3602343569143033,False
SING_KERO_M2M3,BOTH_MILES_CHG1,4,47,2.246228023731285,0.5233836559667596,False
SING_KERO_M2M3,BOTH_MILES_CHG4,4,47,2.827513108730852,0.2176883949704025,False
SING_KERO_M2M3,BOTH_MILES_VS_8W,4,47,5.295086070455959,0.0820177593614203,False
LA_DIFF_1,P5_MILES_SURPRISE,1,50,0.0007510453512198,0.8796071402985072,False
LA_DIFF_1,P5_MILES_CHG1,1,50,7.471125526274325,0.3322213556762948,False
LA_DIFF_1,P5_MILES_CHG4,1,50,4.835158764851653,0.1745477122147191,False
LA_DIFF_1,P5_MILES_VS_8W,1,50,5.310012449096193,0.0999634635645923,False
LA_DIFF_1,BOTH_MILES_SURPRISE,1,50,-0.0038800340353165,0.0639864387604724,False
LA_DIFF_1,BOTH_MILES_CHG1,1,50,-2.96577215820569,0.7870647061551033,False
LA_DIFF_1,BOTH_MILES_CHG4,1,50,-4.513439184177051,0.2416901860604593,False
LA_DIFF_1,BOTH_MILES_VS_8W,1,50,-4.552431259717483,0.2972491235701741,False
LA_DIFF_1,P5_MILES_SURPRISE,2,49,0.0101859545447045,0.097709522508287,False
LA_DIFF_1,P5_MILES_CHG1,2,49,19.412854284101083,0.0827081537547754,False
LA_DIFF_1,P5_MILES_CHG4,2,49,7.890813712181098,0.2282294193688797,False
LA_DIFF_1,P5_MILES_VS_8W,2,49,10.894753110347423,0.0792541161399917,False
LA_DIFF_1,BOTH_MILES_SURPRISE,2,49,-0.0063048145587822,0.0203889917045867,False
LA_DIFF_1,BOTH_MILES_CHG1,2,49,-11.732566903249122,0.46265336340864,False
LA_DIFF_1,BOTH_MILES_CHG4,2,49,-7.827926396901313,0.134623012554309,False
LA_DIFF_1,BOTH_MILES_VS_8W,2,49,-6.876515644633506,0.294539137831399,False
LA_DIFF_1,P5_MILES_SURPRISE,4,47,0.0144179523859653,0.2643684059523791,False
LA_DIFF_1,P5_MILES_CHG1,4,47,18.805873062814907,0.3879052009040987,False
LA_DIFF_1,P5_MILES_CHG4,4,47,4.178968432849477,0.7001700023786064,False
LA_DIFF_1,P5_MILES_VS_8W,4,47,14.225114876010894,0.2494310512059188,False
LA_DIFF_1,BOTH_MILES_SURPRISE,4,47,-0.0055920636058957,0.0076340402814177,False
LA_DIFF_1,BOTH_MILES_CHG1,4,47,-27.30995376407494,0.208366164075452,False
LA_DIFF_1,BOTH_MILES_CHG4,4,47,-8.005055608026188,0.3103021227057921,False
LA_DIFF_1,BOTH_MILES_VS_8W,4,47,-1.0556077877353758,0.9261277118002568,False
GC_DIFF_1,P5_MILES_SURPRISE,1,50,0.0026410293251633,0.4716428591005734,False
GC_DIFF_1,P5_MILES_CHG1,1,50,10.484780754983069,0.0251174384334034,False
GC_DIFF_1,P5_MILES_CHG4,1,50,3.4343151282334974,0.285941834732182,False
GC_DIFF_1,P5_MILES_VS_8W,1,50,5.500212511840505,0.1042683895916484,False
GC_DIFF_1,BOTH_MILES_SURPRISE,1,50,-0.0018157964490122,0.3306421163035149,False
GC_DIFF_1,BOTH_MILES_CHG1,1,50,13.640021792972378,0.0033201858638979,False
GC_DIFF_1,BOTH_MILES_CHG4,1,50,1.6098236829683512,0.5030995371933454,False
GC_DIFF_1,BOTH_MILES_VS_8W,1,50,3.3305336640817327,0.216461073426323,False
GC_DIFF_1,P5_MILES_SURPRISE,2,49,0.0064994561502714,0.3228995335841244,False
GC_DIFF_1,P5_MILES_CHG1,2,49,21.83138936012437,0.0175083438161478,False
GC_DIFF_1,P5_MILES_CHG4,2,49,4.583881546573743,0.4842592961913142,False
GC_DIFF_1,P5_MILES_VS_8W,2,49,8.336331847656208,0.2067803878808097,False
GC_DIFF_1,BOTH_MILES_SURPRISE,2,49,-0.0042925286089333,0.1744705253679858,False
GC_DIFF_1,BOTH_MILES_CHG1,2,49,21.43496550538796,0.0042616748294612,False
GC_DIFF_1,BOTH_MILES_CHG4,2,49,-0.1501300310489935,0.9754490885396768,False
GC_DIFF_1,BOTH_MILES_VS_8W,2,49,1.916234431978305,0.7325893538709324,False
GC_DIFF_1,P5_MILES_SURPRISE,4,47,0.0084134879901922,0.5795677050354968,False
GC_DIFF_1,P5_MILES_CHG1,4,47,14.666625660053686,0.4674595824958745,False
GC_DIFF_1,P5_MILES_CHG4,4,47,4.1375828446541725,0.7509347277501827,False
GC_DIFF_1,P5_MILES_VS_8W,4,47,9.432760442380912,0.4170455669441172,False
GC_DIFF_1,BOTH_MILES_SURPRISE,4,47,-0.0094978706713986,0.0597501216092465,False
GC_DIFF_1,BOTH_MILES_CHG1,4,47,4.294231329091836,0.788222443264015,False
GC_DIFF_1,BOTH_MILES_CHG4,4,47,-6.335251063523421,0.5023514855880105,False
GC_DIFF_1,BOTH_MILES_VS_8W,4,47,-5.944367107804871,0.6420474497219444,False
NY_DIFF_1,P5_MILES_SURPRISE,1,50,0.0074903307104104,0.0217231014433375,False
NY_DIFF_1,P5_MILES_CHG1,1,50,11.900519320903316,0.0073113831264534,False
NY_DIFF_1,P5_MILES_CHG4,1,50,2.0727939618576,0.3921752106856521,False
NY_DIFF_1,P5_MILES_VS_8W,1,50,3.527502671327948,0.1572969515163979,False
NY_DIFF_1,BOTH_MILES_SURPRISE,1,50,0.0009665462974644,0.3060136913217742,False
NY_DIFF_1,BOTH_MILES_CHG1,1,50,19.79005981690485,5.266523396547481e-05,True
NY_DIFF_1,BOTH_MILES_CHG4,1,50,3.208339881362836,0.1154199144894414,False
NY_DIFF_1,BOTH_MILES_VS_8W,1,50,6.402650785115834,0.0040281420141317,False
NY_DIFF_1,P5_MILES_SURPRISE,2,49,0.0149700125997344,0.0282039910803631,False
NY_DIFF_1,P5_MILES_CHG1,2,49,16.76513527226599,0.0195350951487299,False
NY_DIFF_1,P5_MILES_CHG4,2,49,0.5637769892392304,0.8920764898426076,False
NY_DIFF_1,P5_MILES_VS_8W,2,49,4.309015416756789,0.3514677345736153,False
NY_DIFF_1,BOTH_MILES_SURPRISE,2,49,0.001029432719278,0.4887008913118554,False
NY_DIFF_1,BOTH_MILES_CHG1,2,49,20.76493529561269,0.0097029481698259,False
NY_DIFF_1,BOTH_MILES_CHG4,2,49,0.6637068753351676,0.8307964135234913,False
NY_DIFF_1,BOTH_MILES_VS_8W,2,49,5.685843037495357,0.1988042810367033,False
NY_DIFF_1,P5_MILES_SURPRISE,4,47,0.0237892350149351,0.0874390485471342,False
NY_DIFF_1,P5_MILES_CHG1,4,47,4.0361042905679545,0.7373668053147717,False
NY_DIFF_1,P5_MILES_CHG4,4,47,-0.4865222269306822,0.9396510919881044,False
NY_DIFF_1,P5_MILES_VS_8W,4,47,5.87713676087748,0.4193877337384137,False
NY_DIFF_1,BOTH_MILES_SURPRISE,4,47,-0.0007520733847139,0.8218412314495982,False
NY_DIFF_1,BOTH_MILES_CHG1,4,47,3.794388629138432,0.7487232840442342,False
NY_DIFF_1,BOTH_MILES_CHG4,4,47,-0.3279588652197338,0.9683860524091376,False
NY_DIFF_1,BOTH_MILES_VS_8W,4,47,4.774545863954378,0.703391571819785,False
GC_JET_BRENT,P5_MILES_SURPRISE,1,50,0.0106181921301949,0.3264658103170812,False
GC_JET_BRENT,P5_MILES_CHG1,1,50,-8.944785490055773,0.4428051163516017,False
GC_JET_BRENT,P5_MILES_CHG4,1,50,-2.7213405689179524,0.6940725030853092,False
GC_JET_BRENT,P5_MILES_VS_8W,1,50,4.653457353774749,0.448184476300648,False
GC_JET_BRENT,BOTH_MILES_SURPRISE,1,50,-0.000271021784917,0.928728128051279,False
GC_JET_BRENT,BOTH_MILES_CHG1,1,50,4.367088825707562,0.7705765223764263,False
GC_JET_BRENT,BOTH_MILES_CHG4,1,50,0.2571524617946181,0.9687548621046336,False
GC_JET_BRENT,BOTH_MILES_VS_8W,1,50,9.259025451499454,0.237792027435288,False
GC_JET_BRENT,P5_MILES_SURPRISE,2,49,0.0252681644472242,0.1453446874064361,False
GC_JET_BRENT,P5_MILES_CHG1,2,49,-18.60739117826532,0.4048731871765307,False
GC_JET_BRENT,P5_MILES_CHG4,2,49,0.6064002691022701,0.9515487416191264,False
GC_JET_BRENT,P5_MILES_VS_8W,2,49,12.133247147575752,0.272116891941863,False
GC_JET_BRENT,BOTH_MILES_SURPRISE,2,49,0.0005364843556621,0.9261613477578952,False
GC_JET_BRENT,BOTH_MILES_CHG1,2,49,0.6571222920676887,0.9786070608438456,False
GC_JET_BRENT,BOTH_MILES_CHG4,2,49,3.602956910705179,0.7353073695428838,False
GC_JET_BRENT,BOTH_MILES_VS_8W,2,49,19.31385699379772,0.1673492329925432,False
GC_JET_BRENT,P5_MILES_SURPRISE,4,47,0.0436871959805664,0.0505783966465591,False
GC_JET_BRENT,P5_MILES_CHG1,4,47,-33.515010620237575,0.3465992101643701,False
GC_JET_BRENT,P5_MILES_CHG4,4,47,24.153130122431595,0.0228666568731319,False
GC_JET_BRENT,P5_MILES_VS_8W,4,47,36.16424001350456,0.0569487709248538,False
GC_JET_BRENT,BOTH_MILES_SURPRISE,4,47,0.0010429460687947,0.9384769290659096,False
GC_JET_BRENT,BOTH_MILES_CHG1,4,47,-3.67250723538848,0.9210007892990004,False
GC_JET_BRENT,BOTH_MILES_CHG4,4,47,28.36720764530041,0.0804857638726163,False
GC_JET_BRENT,BOTH_MILES_VS_8W,4,47,54.03550423977959,0.0185602105204883,False
HO_BRENT,P5_MILES_SURPRISE,1,50,0.0089760179731682,0.4067083024908373,False
HO_BRENT,P5_MILES_CHG1,1,50,-25.135346833687287,0.0314348621251192,False
HO_BRENT,P5_MILES_CHG4,1,50,-7.282624952054361,0.3431772875827438,False
HO_BRENT,P5_MILES_VS_8W,1,50,-0.3835400147504888,0.9485856801268524,False
HO_BRENT,BOTH_MILES_SURPRISE,1,50,0.0028541512867878,0.3229492090478265,False
HO_BRENT,BOTH_MILES_CHG1,1,50,-15.90308478847324,0.2866875991080496,False
HO_BRENT,BOTH_MILES_CHG4,1,50,-1.842766028753648,0.7827647984582252,False
HO_BRENT,BOTH_MILES_VS_8W,1,50,5.90567362752622,0.4506824919602735,False
HO_BRENT,P5_MILES_SURPRISE,2,49,0.0177698825304722,0.2698747358390839,False
HO_BRENT,P5_MILES_CHG1,2,49,-50.32573014176391,0.014245167805707,False
HO_BRENT,P5_MILES_CHG4,2,49,-5.356827687721255,0.6415454459410369,False
HO_BRENT,P5_MILES_VS_8W,2,49,4.854780850363843,0.6149981281617634,False
HO_BRENT,BOTH_MILES_SURPRISE,2,49,0.0066529174087965,0.1453513567303323,False
HO_BRENT,BOTH_MILES_CHG1,2,49,-27.593031955014585,0.2411248862592385,False
HO_BRENT,BOTH_MILES_CHG4,2,49,3.6134821110348567,0.7292122242456018,False
HO_BRENT,BOTH_MILES_VS_8W,2,49,17.72888883808116,0.1540019773299063,False
HO_BRENT,P5_MILES_SURPRISE,4,47,0.0320264323811028,0.2673964408647771,False
HO_BRENT,P5_MILES_CHG1,4,47,-61.5822719895817,0.0621215443663784,False
HO_BRENT,P5_MILES_CHG4,4,47,24.980361645033973,0.1370475133097124,False
HO_BRENT,P5_MILES_VS_8W,4,47,35.03273923204525,0.1145570801248458,False
HO_BRENT,BOTH_MILES_SURPRISE,4,47,0.0121431652898033,0.2147420543423819,False
HO_BRENT,BOTH_MILES_CHG1,4,47,-21.295527897821103,0.477586510847084,False
HO_BRENT,BOTH_MILES_CHG4,4,47,34.59940346274672,0.0421358860405674,False
HO_BRENT,BOTH_MILES_VS_8W,4,47,57.45390332779641,0.0073876067161416,False
BRENT_WTI,P5_MILES_SURPRISE,1,50,0.0057477966135212,0.5430541213171243,False
BRENT_WTI,P5_MILES_CHG1,1,50,-2.105787068843364,0.8047246100770571,False
BRENT_WTI,P5_MILES_CHG4,1,50,1.2736861534089858,0.7643616321778822,False
BRENT_WTI,P5_MILES_VS_8W,1,50,-1.970454915923033,0.6262564440663798,False
BRENT_WTI,BOTH_MILES_SURPRISE,1,50,-0.0012635991253993,0.5777321084323498,False
BRENT_WTI,BOTH_MILES_CHG1,1,50,14.444961893134291,0.2420354886461981,False
BRENT_WTI,BOTH_MILES_CHG4,1,50,-1.6283583801529842,0.7528049910413817,False
BRENT_WTI,BOTH_MILES_VS_8W,1,50,-7.35414740106493,0.1482630218948432,False
BRENT_WTI,P5_MILES_SURPRISE,2,49,0.0118959218418315,0.4787187844564191,False
BRENT_WTI,P5_MILES_CHG1,2,49,-1.5172475270812316,0.91917157112013,False
BRENT_WTI,P5_MILES_CHG4,2,49,0.0677507685469879,0.9927266187417196,False
BRENT_WTI,P5_MILES_VS_8W,2,49,-2.148819589797902,0.7738975201971605,False
BRENT_WTI,BOTH_MILES_SURPRISE,2,49,-0.0040008908590581,0.1700141580631156,False
BRENT_WTI,BOTH_MILES_CHG1,2,49,11.044199898359086,0.5511059436124808,False
BRENT_WTI,BOTH_MILES_CHG4,2,49,-11.77172974904217,0.0707277207896815,False
BRENT_WTI,BOTH_MILES_VS_8W,2,49,-19.46114065917249,0.0006804262013082,True
BRENT_WTI,P5_MILES_SURPRISE,4,47,0.0139887203872485,0.5712077267973583,False
BRENT_WTI,P5_MILES_CHG1,4,47,19.596739584636435,0.4065481915660358,False
BRENT_WTI,P5_MILES_CHG4,4,47,1.622109587544698,0.908461764262331,False
BRENT_WTI,P5_MILES_VS_8W,4,47,1.4164008254738534,0.9226702539279952,False
BRENT_WTI,BOTH_MILES_SURPRISE,4,47,-0.013939864420037,0.0127057409510228,False
BRENT_WTI,BOTH_MILES_CHG1,4,47,-15.065887118332958,0.4892216570911721,False
BRENT_WTI,BOTH_MILES_CHG4,4,47,-36.004593820909705,3.822742909921672e-05,True
BRENT_WTI,BOTH_MILES_VS_8W,4,47,-43.25232510161753,1.4048501846573993e-08,True
HO_GASOIL,P5_MILES_SURPRISE,1,50,0.0046926371082586,0.5090052005929228,False
HO_GASOIL,P5_MILES_CHG1,1,50,-10.929651753660387,0.146238953167935,False
HO_GASOIL,P5_MILES_CHG4,1,50,-4.626563878806444,0.1191156680084867,False
HO_GASOIL,P5_MILES_VS_8W,1,50,-3.2140685541337297,0.3726967379846539,False
HO_GASOIL,BOTH_MILES_SURPRISE,1,50,0.0035236928178794,0.1363793146888448,False
HO_GASOIL,BOTH_MILES_CHG1,1,50,-15.65202358671776,0.2107837120507657,False
HO_GASOIL,BOTH_MILES_CHG4,1,50,-1.000038053223772,0.8286149031033812,False
HO_GASOIL,BOTH_MILES_VS_8W,1,50,3.471032594063003,0.5314994168211251,False
HO_GASOIL,P5_MILES_SURPRISE,2,49,-0.0037109705716854,0.7019820444153859,False
HO_GASOIL,P5_MILES_CHG1,2,49,-19.195226142272432,0.0148960025737503,False
HO_GASOIL,P5_MILES_CHG4,2,49,-9.590687171931494,0.047227582128531,False
HO_GASOIL,P5_MILES_VS_8W,2,49,-7.496365668615912,0.2077600768828663,False
HO_GASOIL,BOTH_MILES_SURPRISE,2,49,0.0044751562292922,0.1547375634770806,False
HO_GASOIL,BOTH_MILES_CHG1,2,49,-22.88819075973838,0.0711046056810175,False
HO_GASOIL,BOTH_MILES_CHG4,2,49,0.9789045945079724,0.8681121647674835,False
HO_GASOIL,BOTH_MILES_VS_8W,2,49,7.81735925935443,0.3186700348961221,False
HO_GASOIL,P5_MILES_SURPRISE,4,47,-0.0024691404179958,0.8756979386711121,False
HO_GASOIL,P5_MILES_CHG1,4,47,-33.21187923208529,0.0125319086591552,False
HO_GASOIL,P5_MILES_CHG4,4,47,-10.396680537218408,0.3416375846634244,False
HO_GASOIL,P5_MILES_VS_8W,4,47,-11.52094540498066,0.2683084203202137,False
HO_GASOIL,BOTH_MILES_SURPRISE,4,47,0.0130560771667559,0.0006833526672822,True
HO_GASOIL,BOTH_MILES_CHG1,4,47,-11.203373751983376,0.556686258319814,False
HO_GASOIL,BOTH_MILES_CHG4,4,47,22.36506336961709,0.025980450569093,False
HO_GASOIL,BOTH_MILES_VS_8W,4,47,26.2962027607645,0.0335364738290262,False
NWE_JET_GASOIL,P5_MILES_SURPRISE,1,50,0.0029374146263955,0.3092500163041549,False
NWE_JET_GASOIL,P5_MILES_CHG1,1,50,8.33546665867909,0.2951670398408301,False
NWE_JET_GASOIL,P5_MILES_CHG4,1,50,3.561187969500048,0.1925113868911675,False
NWE_JET_GASOIL,P5_MILES_VS_8W,1,50,2.578346052794755,0.3147379692929286,False
NWE_JET_GASOIL,BOTH_MILES_SURPRISE,1,50,0.00069262834973,0.4213961802724331,False
NWE_JET_GASOIL,BOTH_MILES_CHG1,1,50,9.144685735500712,0.1992634738800093,False
NWE_JET_GASOIL,BOTH_MILES_CHG4,1,50,5.580516312186704,0.0564820440755025,False
NWE_JET_GASOIL,BOTH_MILES_VS_8W,1,50,6.648647268510502,0.0530029251262078,False
NWE_JET_GASOIL,P5_MILES_SURPRISE,2,49,0.0037644458611576,0.3999876973468425,False
NWE_JET_GASOIL,P5_MILES_CHG1,2,49,15.117539818995557,0.1682842953119713,False
NWE_JET_GASOIL,P5_MILES_CHG4,2,49,3.5804419019761857,0.3472976520487146,False
NWE_JET_GASOIL,P5_MILES_VS_8W,2,49,3.01824250721296,0.5034780072279215,False
NWE_JET_GASOIL,BOTH_MILES_SURPRISE,2,49,0.0019287588174896,0.1329784258128716,False
NWE_JET_GASOIL,BOTH_MILES_CHG1,2,49,22.472672981934213,0.0284616585882675,False
NWE_JET_GASOIL,BOTH_MILES_CHG4,2,49,8.788070643693516,0.0488773033697486,False
NWE_JET_GASOIL,BOTH_MILES_VS_8W,2,49,11.292455452845536,0.049786978303012,False
NWE_JET_GASOIL,P5_MILES_SURPRISE,4,47,0.0004054664672077,0.9593093456057756,False
NWE_JET_GASOIL,P5_MILES_CHG1,4,47,19.45560307468703,0.2219507170747454,False
NWE_JET_GASOIL,P5_MILES_CHG4,4,47,-1.8062921619376584,0.8530333902743664,False
NWE_JET_GASOIL,P5_MILES_VS_8W,4,47,0.255962977194365,0.9748324609762176,False
NWE_JET_GASOIL,BOTH_MILES_SURPRISE,4,47,0.0015691269655031,0.5559668081704214,False
NWE_JET_GASOIL,BOTH_MILES_CHG1,4,47,31.40803462935009,0.0411988718153796,False
NWE_JET_GASOIL,BOTH_MILES_CHG4,4,47,7.4783562288160415,0.2412140298807096,False
NWE_JET_GASOIL,BOTH_MILES_VS_8W,4,47,12.535874941376523,0.1732791808218922,False
